﻿<?xml version="1.0" encoding="UTF-8"?>
<MyGUI type="Resource" version="1.1">
    <Resource type="ResourceSkin" name="InventoryPanel" size="22 22" texture="Skins.png">
        <BasisSkin type="SubSkin" offset="0 0 5 5" align="Left Top">
            <State name="normal" offset="1 1 5 5"/>
        </BasisSkin>
        <BasisSkin type="SubSkin" offset="5 0 12 5" align="HStretch Top">
            <State name="normal" offset="6 1 12 5"/>
        </BasisSkin>
        <BasisSkin type="SubSkin" offset="17 0 5 5" align="Right Top">
            <State name="normal" offset="18 1 5 5"/>
        </BasisSkin>
        <BasisSkin type="SubSkin" offset="17 5 5 12" align="Right VStretch">
            <State name="normal" offset="18 6 5 12"/>
        </BasisSkin>
        <BasisSkin type="SubSkin" offset="17 17 5 5" align="Right Bottom">
            <State name="normal" offset="18 18 5 5"/>
        </BasisSkin>
        <BasisSkin type="SubSkin" offset="5 17 12 5" align="HStretch Bottom">
            <State name="normal" offset="6 18 12 5"/>
        </BasisSkin>
        <BasisSkin type="SubSkin" offset="0 17 5 5" align="Left Bottom">
            <State name="normal" offset="1 18 5 5"/>
        </BasisSkin>
        <BasisSkin type="SubSkin" offset="0 5 5 12" align="Left VStretch">
            <State name="normal" offset="1 6 5 12"/>
        </BasisSkin>
        <BasisSkin type="SubSkin" offset="5 5 12 12" align="Stretch">
            <State name="normal" offset="6 6 12 12"/>
        </BasisSkin>
    </Resource>
    <Resource type="ResourceSkin" name="ToolPanel" size="22 22" texture="Skins.png">
        <BasisSkin type="SubSkin" offset="0 0 5 5" align="Left Top">
            <State name="normal" offset="1 32 5 5"/>
        </BasisSkin>
        <BasisSkin type="SubSkin" offset="5 0 12 5" align="HStretch Top">
            <State name="normal" offset="6 32 12 5"/>
        </BasisSkin>
        <BasisSkin type="SubSkin" offset="17 0 5 5" align="Right Top">
            <State name="normal" offset="18 32 5 5"/>
        </BasisSkin>
        <BasisSkin type="SubSkin" offset="17 5 5 12" align="Right VStretch">
            <State name="normal" offset="18 37 5 12"/>
        </BasisSkin>
        <BasisSkin type="SubSkin" offset="17 17 5 5" align="Right Bottom">
            <State name="normal" offset="18 49 5 5"/>
        </BasisSkin>
        <BasisSkin type="SubSkin" offset="5 17 12 5" align="HStretch Bottom">
            <State name="normal" offset="6 49 12 5"/>
        </BasisSkin>
        <BasisSkin type="SubSkin" offset="0 17 5 5" align="Left Bottom">
            <State name="normal" offset="1 49 5 5"/>
        </BasisSkin>
        <BasisSkin type="SubSkin" offset="0 5 5 12" align="Left VStretch">
            <State name="normal" offset="1 37 5 12"/>
        </BasisSkin>
        <BasisSkin type="SubSkin" offset="5 5 12 12" align="Stretch">
            <State name="normal" offset="6 37 12 12"/>
        </BasisSkin>
    </Resource>
    <Resource type="ResourceSkin" name="QuickbarPanel" size="22 22" texture="Skins.png">
        <BasisSkin type="SubSkin" offset="0 0 22 22" align="Stretch">
            <State name="normal" offset="1 62 22 22"/>
        </BasisSkin>
    </Resource>
    <Resource type="ResourceSkin" name="PropertyPanel" size="22 22" texture="Skins.png">
        <BasisSkin type="SubSkin" offset="0 0 4 4" align="Left Top">
            <State name="normal" offset="1 95 4 4"/>
        </BasisSkin>
        <BasisSkin type="SubSkin" offset="4 0 14 4" align="HStretch Top">
            <State name="normal" offset="5 95 14 4"/>
        </BasisSkin>
        <BasisSkin type="SubSkin" offset="18 0 4 4" align="Right Top">
            <State name="normal" offset="19 95 4 4"/>
        </BasisSkin>
        <BasisSkin type="SubSkin" offset="18 4 4 14" align="Right VStretch">
            <State name="normal" offset="19 99 4 14"/>
        </BasisSkin>
        <BasisSkin type="SubSkin" offset="18 18 4 4" align="Right Bottom">
            <State name="normal" offset="19 113 4 4"/>
        </BasisSkin>
        <BasisSkin type="SubSkin" offset="4 18 14 4" align="HStretch Bottom">
            <State name="normal" offset="5 113 14 4"/>
        </BasisSkin>
        <BasisSkin type="SubSkin" offset="0 18 4 4" align="Left Bottom">
            <State name="normal" offset="1 113 4 4"/>
        </BasisSkin>
        <BasisSkin type="SubSkin" offset="0 4 4 14" align="Left VStretch">
            <State name="normal" offset="1 99 4 14"/>
        </BasisSkin>
    </Resource>
    <Resource type="ResourceSkin" name="MainQuickbarPanel" size="22 22" texture="Skins.png">
        <BasisSkin type="SubSkin" offset="0 0 1 1" align="Left Top">
            <State name="normal" offset="1 127 1 1"/>
        </BasisSkin>
        <BasisSkin type="SubSkin" offset="1 0 20 1" align="HStretch Top">
            <State name="normal" offset="2 127 20 1"/>
        </BasisSkin>
        <BasisSkin type="SubSkin" offset="21 0 1 1" align="Right Top">
            <State name="normal" offset="22 127 1 1"/>
        </BasisSkin>
        <BasisSkin type="SubSkin" offset="21 1 1 20" align="Right VStretch">
            <State name="normal" offset="22 128 1 20"/>
        </BasisSkin>
        <BasisSkin type="SubSkin" offset="21 21 1 1" align="Right Bottom">
            <State name="normal" offset="22 148 1 1"/>
        </BasisSkin>
        <BasisSkin type="SubSkin" offset="1 21 20 1" align="HStretch Bottom">
            <State name="normal" offset="2 148 20 1"/>
        </BasisSkin>
        <BasisSkin type="SubSkin" offset="0 21 1 1" align="Left Bottom">
            <State name="normal" offset="1 148 1 1"/>
        </BasisSkin>
        <BasisSkin type="SubSkin" offset="0 1 1 20" align="Left VStretch">
            <State name="normal" offset="1 128 1 20"/>
        </BasisSkin>
        <BasisSkin type="SubSkin" offset="1 1 20 20" align="Stretch">
            <State name="normal" offset="2 128 20 20"/>
        </BasisSkin>
    </Resource>
    <Resource type="ResourceSkin" name="InventoryItemSlot" size="17 17" texture="Skins.png">
        <BasisSkin type="SubSkin" offset="0 0 2 2" align="Left Top">
            <State name="normal" offset="32 1 2 2"/>
        </BasisSkin>
        <BasisSkin type="SubSkin" offset="2 0 13 2" align="HStretch Top">
            <State name="normal" offset="34 1 13 2"/>
        </BasisSkin>
        <BasisSkin type="SubSkin" offset="15 0 2 2" align="Right Top">
            <State name="normal" offset="47 1 2 2"/>
        </BasisSkin>
        <BasisSkin type="SubSkin" offset="15 2 2 13" align="Right VStretch">
            <State name="normal" offset="47 3 2 13"/>
        </BasisSkin>
        <BasisSkin type="SubSkin" offset="15 15 2 2" align="Right Bottom">
            <State name="normal" offset="47 16 2 2"/>
        </BasisSkin>
        <BasisSkin type="SubSkin" offset="2 15 13 2" align="HStretch Bottom">
            <State name="normal" offset="34 16 13 2"/>
        </BasisSkin>
        <BasisSkin type="SubSkin" offset="0 15 2 2" align="Left Bottom">
            <State name="normal" offset="32 16 2 2"/>
        </BasisSkin>
        <BasisSkin type="SubSkin" offset="0 2 2 13" align="Left VStretch">
            <State name="normal" offset="32 3 2 13"/>
        </BasisSkin>
        <BasisSkin type="SubSkin" offset="2 2 13 13" align="Stretch">
            <State name="normal" offset="34 3 13 13"/>
        </BasisSkin>
    </Resource>
    <Resource type="ResourceSkin" name="QuickbarItemSlot" size="17 17" texture="Skins.png">
        <BasisSkin type="SubSkin" offset="0 0 2 2" align="Left Top">
            <State name="normal" offset="32 22 2 2"/>
        </BasisSkin>
        <BasisSkin type="SubSkin" offset="2 0 13 2" align="HStretch Top">
            <State name="normal" offset="34 22 13 2"/>
        </BasisSkin>
        <BasisSkin type="SubSkin" offset="15 0 2 2" align="Right Top">
            <State name="normal" offset="47 22 2 2"/>
        </BasisSkin>
        <BasisSkin type="SubSkin" offset="15 2 2 13" align="Right VStretch">
            <State name="normal" offset="47 24 2 13"/>
        </BasisSkin>
        <BasisSkin type="SubSkin" offset="15 15 2 2" align="Right Bottom">
            <State name="normal" offset="47 37 2 2"/>
        </BasisSkin>
        <BasisSkin type="SubSkin" offset="2 15 13 2" align="HStretch Bottom">
            <State name="normal" offset="34 37 13 2"/>
        </BasisSkin>
        <BasisSkin type="SubSkin" offset="0 15 2 2" align="Left Bottom">
            <State name="normal" offset="32 37 2 2"/>
        </BasisSkin>
        <BasisSkin type="SubSkin" offset="0 2 2 13" align="Left VStretch">
            <State name="normal" offset="32 24 2 13"/>
        </BasisSkin>
        <BasisSkin type="SubSkin" offset="2 2 13 13" align="Stretch">
            <State name="normal" offset="34 24 13 13"/>
        </BasisSkin>
    </Resource>
    <Resource type="ResourceSkin" name="InventoryItemBlue" size="17 17" texture="Skins.png">
        <BasisSkin type="SubSkin" offset="0 0 2 2" align="Left Top">
            <State name="normal" offset="54 1 2 2"/>
        </BasisSkin>
        <BasisSkin type="SubSkin" offset="2 0 13 2" align="HStretch Top">
            <State name="normal" offset="56 1 13 2"/>
        </BasisSkin>
        <BasisSkin type="SubSkin" offset="15 0 2 2" align="Right Top">
            <State name="normal" offset="69 1 2 2"/>
        </BasisSkin>
        <BasisSkin type="SubSkin" offset="15 2 2 13" align="Right VStretch">
            <State name="normal" offset="69 3 2 13"/>
        </BasisSkin>
        <BasisSkin type="SubSkin" offset="15 15 2 2" align="Right Bottom">
            <State name="normal" offset="69 16 2 2"/>
        </BasisSkin>
        <BasisSkin type="SubSkin" offset="2 15 13 2" align="HStretch Bottom">
            <State name="normal" offset="56 16 13 2"/>
        </BasisSkin>
        <BasisSkin type="SubSkin" offset="0 15 2 2" align="Left Bottom">
            <State name="normal" offset="54 16 2 2"/>
        </BasisSkin>
        <BasisSkin type="SubSkin" offset="0 2 2 13" align="Left VStretch">
            <State name="normal" offset="54 3 2 13"/>
        </BasisSkin>
        <BasisSkin type="SubSkin" offset="2 2 13 13" align="Stretch">
            <State name="normal" offset="56 3 13 13"/>
        </BasisSkin>
    </Resource>
    <Resource type="ResourceSkin" name="QuickbarItemBlue" size="17 17" texture="Skins.png">
        <BasisSkin type="SubSkin" offset="0 0 2 2" align="Left Top">
            <State name="normal" offset="54 22 2 2"/>
        </BasisSkin>
        <BasisSkin type="SubSkin" offset="2 0 13 2" align="HStretch Top">
            <State name="normal" offset="56 22 13 2"/>
        </BasisSkin>
        <BasisSkin type="SubSkin" offset="15 0 2 2" align="Right Top">
            <State name="normal" offset="69 22 2 2"/>
        </BasisSkin>
        <BasisSkin type="SubSkin" offset="15 2 2 13" align="Right VStretch">
            <State name="normal" offset="69 24 2 13"/>
        </BasisSkin>
        <BasisSkin type="SubSkin" offset="15 15 2 2" align="Right Bottom">
            <State name="normal" offset="69 37 2 2"/>
        </BasisSkin>
        <BasisSkin type="SubSkin" offset="2 15 13 2" align="HStretch Bottom">
            <State name="normal" offset="56 37 13 2"/>
        </BasisSkin>
        <BasisSkin type="SubSkin" offset="0 15 2 2" align="Left Bottom">
            <State name="normal" offset="54 37 2 2"/>
        </BasisSkin>
        <BasisSkin type="SubSkin" offset="0 2 2 13" align="Left VStretch">
            <State name="normal" offset="54 24 2 13"/>
        </BasisSkin>
        <BasisSkin type="SubSkin" offset="2 2 13 13" align="Stretch">
            <State name="normal" offset="56 24 13 13"/>
        </BasisSkin>
    </Resource>
    <Resource type="ResourceSkin" name="InventoryItemGreen" size="17 17" texture="Skins.png">
        <BasisSkin type="SubSkin" offset="0 0 2 2" align="Left Top">
            <State name="normal" offset="76 1 2 2"/>
        </BasisSkin>
        <BasisSkin type="SubSkin" offset="2 0 13 2" align="HStretch Top">
            <State name="normal" offset="78 1 13 2"/>
        </BasisSkin>
        <BasisSkin type="SubSkin" offset="15 0 2 2" align="Right Top">
            <State name="normal" offset="91 1 2 2"/>
        </BasisSkin>
        <BasisSkin type="SubSkin" offset="15 2 2 13" align="Right VStretch">
            <State name="normal" offset="91 3 2 13"/>
        </BasisSkin>
        <BasisSkin type="SubSkin" offset="15 15 2 2" align="Right Bottom">
            <State name="normal" offset="91 16 2 2"/>
        </BasisSkin>
        <BasisSkin type="SubSkin" offset="2 15 13 2" align="HStretch Bottom">
            <State name="normal" offset="78 16 13 2"/>
        </BasisSkin>
        <BasisSkin type="SubSkin" offset="0 15 2 2" align="Left Bottom">
            <State name="normal" offset="76 16 2 2"/>
        </BasisSkin>
        <BasisSkin type="SubSkin" offset="0 2 2 13" align="Left VStretch">
            <State name="normal" offset="76 3 2 13"/>
        </BasisSkin>
        <BasisSkin type="SubSkin" offset="2 2 13 13" align="Stretch">
            <State name="normal" offset="78 3 13 13"/>
        </BasisSkin>
    </Resource>
    <Resource type="ResourceSkin" name="QuickbarItemGreen" size="17 17" texture="Skins.png">
        <BasisSkin type="SubSkin" offset="0 0 2 2" align="Left Top">
            <State name="normal" offset="76 22 2 2"/>
        </BasisSkin>
        <BasisSkin type="SubSkin" offset="2 0 13 2" align="HStretch Top">
            <State name="normal" offset="78 22 13 2"/>
        </BasisSkin>
        <BasisSkin type="SubSkin" offset="15 0 2 2" align="Right Top">
            <State name="normal" offset="91 22 2 2"/>
        </BasisSkin>
        <BasisSkin type="SubSkin" offset="15 2 2 13" align="Right VStretch">
            <State name="normal" offset="91 24 2 13"/>
        </BasisSkin>
        <BasisSkin type="SubSkin" offset="15 15 2 2" align="Right Bottom">
            <State name="normal" offset="91 37 2 2"/>
        </BasisSkin>
        <BasisSkin type="SubSkin" offset="2 15 13 2" align="HStretch Bottom">
            <State name="normal" offset="78 37 13 2"/>
        </BasisSkin>
        <BasisSkin type="SubSkin" offset="0 15 2 2" align="Left Bottom">
            <State name="normal" offset="76 37 2 2"/>
        </BasisSkin>
        <BasisSkin type="SubSkin" offset="0 2 2 13" align="Left VStretch">
            <State name="normal" offset="76 24 2 13"/>
        </BasisSkin>
        <BasisSkin type="SubSkin" offset="2 2 13 13" align="Stretch">
            <State name="normal" offset="78 24 13 13"/>
        </BasisSkin>
    </Resource>
    <Resource type="ResourceSkin" name="InventoryItemYellow" size="17 17" texture="Skins.png">
        <BasisSkin type="SubSkin" offset="0 0 2 2" align="Left Top">
            <State name="normal" offset="98 1 2 2"/>
        </BasisSkin>
        <BasisSkin type="SubSkin" offset="2 0 13 2" align="HStretch Top">
            <State name="normal" offset="100 1 13 2"/>
        </BasisSkin>
        <BasisSkin type="SubSkin" offset="15 0 2 2" align="Right Top">
            <State name="normal" offset="113 1 2 2"/>
        </BasisSkin>
        <BasisSkin type="SubSkin" offset="15 2 2 13" align="Right VStretch">
            <State name="normal" offset="113 3 2 13"/>
        </BasisSkin>
        <BasisSkin type="SubSkin" offset="15 15 2 2" align="Right Bottom">
            <State name="normal" offset="113 16 2 2"/>
        </BasisSkin>
        <BasisSkin type="SubSkin" offset="2 15 13 2" align="HStretch Bottom">
            <State name="normal" offset="100 16 13 2"/>
        </BasisSkin>
        <BasisSkin type="SubSkin" offset="0 15 2 2" align="Left Bottom">
            <State name="normal" offset="98 16 2 2"/>
        </BasisSkin>
        <BasisSkin type="SubSkin" offset="0 2 2 13" align="Left VStretch">
            <State name="normal" offset="98 3 2 13"/>
        </BasisSkin>
        <BasisSkin type="SubSkin" offset="2 2 13 13" align="Stretch">
            <State name="normal" offset="100 3 13 13"/>
        </BasisSkin>
    </Resource>
    <Resource type="ResourceSkin" name="QuickbarItemYellow" size="17 17" texture="Skins.png">
        <BasisSkin type="SubSkin" offset="0 0 2 2" align="Left Top">
            <State name="normal" offset="98 22 2 2"/>
        </BasisSkin>
        <BasisSkin type="SubSkin" offset="2 0 13 2" align="HStretch Top">
            <State name="normal" offset="100 22 13 2"/>
        </BasisSkin>
        <BasisSkin type="SubSkin" offset="15 0 2 2" align="Right Top">
            <State name="normal" offset="113 22 2 2"/>
        </BasisSkin>
        <BasisSkin type="SubSkin" offset="15 2 2 13" align="Right VStretch">
            <State name="normal" offset="113 24 2 13"/>
        </BasisSkin>
        <BasisSkin type="SubSkin" offset="15 15 2 2" align="Right Bottom">
            <State name="normal" offset="113 37 2 2"/>
        </BasisSkin>
        <BasisSkin type="SubSkin" offset="2 15 13 2" align="HStretch Bottom">
            <State name="normal" offset="100 37 13 2"/>
        </BasisSkin>
        <BasisSkin type="SubSkin" offset="0 15 2 2" align="Left Bottom">
            <State name="normal" offset="98 37 2 2"/>
        </BasisSkin>
        <BasisSkin type="SubSkin" offset="0 2 2 13" align="Left VStretch">
            <State name="normal" offset="98 24 2 13"/>
        </BasisSkin>
        <BasisSkin type="SubSkin" offset="2 2 13 13" align="Stretch">
            <State name="normal" offset="100 24 13 13"/>
        </BasisSkin>
    </Resource>
    <Resource type="ResourceSkin" name="InventoryItemPurple" size="17 17" texture="Skins.png">
        <BasisSkin type="SubSkin" offset="0 0 2 2" align="Left Top">
            <State name="normal" offset="120 1 2 2"/>
        </BasisSkin>
        <BasisSkin type="SubSkin" offset="2 0 13 2" align="HStretch Top">
            <State name="normal" offset="122 1 13 2"/>
        </BasisSkin>
        <BasisSkin type="SubSkin" offset="15 0 2 2" align="Right Top">
            <State name="normal" offset="135 1 2 2"/>
        </BasisSkin>
        <BasisSkin type="SubSkin" offset="15 2 2 13" align="Right VStretch">
            <State name="normal" offset="135 3 2 13"/>
        </BasisSkin>
        <BasisSkin type="SubSkin" offset="15 15 2 2" align="Right Bottom">
            <State name="normal" offset="135 16 2 2"/>
        </BasisSkin>
        <BasisSkin type="SubSkin" offset="2 15 13 2" align="HStretch Bottom">
            <State name="normal" offset="122 16 13 2"/>
        </BasisSkin>
        <BasisSkin type="SubSkin" offset="0 15 2 2" align="Left Bottom">
            <State name="normal" offset="120 16 2 2"/>
        </BasisSkin>
        <BasisSkin type="SubSkin" offset="0 2 2 13" align="Left VStretch">
            <State name="normal" offset="120 3 2 13"/>
        </BasisSkin>
        <BasisSkin type="SubSkin" offset="2 2 13 13" align="Stretch">
            <State name="normal" offset="122 3 13 13"/>
        </BasisSkin>
    </Resource>
    <Resource type="ResourceSkin" name="QuickbarItemPurple" size="17 17" texture="Skins.png">
        <BasisSkin type="SubSkin" offset="0 0 2 2" align="Left Top">
            <State name="normal" offset="120 22 2 2"/>
        </BasisSkin>
        <BasisSkin type="SubSkin" offset="2 0 13 2" align="HStretch Top">
            <State name="normal" offset="122 22 13 2"/>
        </BasisSkin>
        <BasisSkin type="SubSkin" offset="15 0 2 2" align="Right Top">
            <State name="normal" offset="135 22 2 2"/>
        </BasisSkin>
        <BasisSkin type="SubSkin" offset="15 2 2 13" align="Right VStretch">
            <State name="normal" offset="135 24 2 13"/>
        </BasisSkin>
        <BasisSkin type="SubSkin" offset="15 15 2 2" align="Right Bottom">
            <State name="normal" offset="135 37 2 2"/>
        </BasisSkin>
        <BasisSkin type="SubSkin" offset="2 15 13 2" align="HStretch Bottom">
            <State name="normal" offset="122 37 13 2"/>
        </BasisSkin>
        <BasisSkin type="SubSkin" offset="0 15 2 2" align="Left Bottom">
            <State name="normal" offset="120 37 2 2"/>
        </BasisSkin>
        <BasisSkin type="SubSkin" offset="0 2 2 13" align="Left VStretch">
            <State name="normal" offset="120 24 2 13"/>
        </BasisSkin>
        <BasisSkin type="SubSkin" offset="2 2 13 13" align="Stretch">
            <State name="normal" offset="122 24 13 13"/>
        </BasisSkin>
    </Resource>
    <Resource type="ResourceSkin" name="InventoryItemTransparent" size="17 17" texture="Skins.png">
        <BasisSkin type="SubSkin" offset="0 0 2 2" align="Left Top">
            <State name="normal" offset="142 1 2 2"/>
        </BasisSkin>
        <BasisSkin type="SubSkin" offset="2 0 13 2" align="HStretch Top">
            <State name="normal" offset="144 1 13 2"/>
        </BasisSkin>
        <BasisSkin type="SubSkin" offset="15 0 2 2" align="Right Top">
            <State name="normal" offset="157 1 2 2"/>
        </BasisSkin>
        <BasisSkin type="SubSkin" offset="15 2 2 13" align="Right VStretch">
            <State name="normal" offset="157 3 2 13"/>
        </BasisSkin>
        <BasisSkin type="SubSkin" offset="15 15 2 2" align="Right Bottom">
            <State name="normal" offset="157 16 2 2"/>
        </BasisSkin>
        <BasisSkin type="SubSkin" offset="2 15 13 2" align="HStretch Bottom">
            <State name="normal" offset="144 16 13 2"/>
        </BasisSkin>
        <BasisSkin type="SubSkin" offset="0 15 2 2" align="Left Bottom">
            <State name="normal" offset="142 16 2 2"/>
        </BasisSkin>
        <BasisSkin type="SubSkin" offset="0 2 2 13" align="Left VStretch">
            <State name="normal" offset="142 3 2 13"/>
        </BasisSkin>
        <BasisSkin type="SubSkin" offset="2 2 13 13" align="Stretch">
            <State name="normal" offset="144 3 13 13"/>
        </BasisSkin>
    </Resource>
    <Resource type="ResourceSkin" name="QuickbarItemTransparent" size="17 17" texture="Skins.png">
        <BasisSkin type="SubSkin" offset="0 0 3 3" align="Left Top">
            <State name="disabled" offset="0 0 3 3"/>
            <State name="normal" offset="142 22 3 3"/>
            <State name="highlighted" offset="0 0 3 3"/>
            <State name="pushed" offset="0 0 3 3"/>
            <State name="disabled_checked" offset="0 0 3 3"/>
            <State name="normal_checked" offset="142 43 3 3"/>
            <State name="highlighted_checked" offset="0 0 3 3"/>
            <State name="pushed_checked" offset="0 0 3 3"/>
        </BasisSkin>
        <BasisSkin type="SubSkin" offset="3 0 11 3" align="HStretch Top">
            <State name="disabled" offset="3 0 11 3"/>
            <State name="normal" offset="145 22 11 3"/>
            <State name="highlighted" offset="3 0 11 3"/>
            <State name="pushed" offset="3 0 11 3"/>
            <State name="disabled_checked" offset="3 0 11 3"/>
            <State name="normal_checked" offset="145 43 11 3"/>
            <State name="highlighted_checked" offset="3 0 11 3"/>
            <State name="pushed_checked" offset="3 0 11 3"/>
        </BasisSkin>
        <BasisSkin type="SubSkin" offset="14 0 3 3" align="Right Top">
            <State name="disabled" offset="14 0 3 3"/>
            <State name="normal" offset="156 22 3 3"/>
            <State name="highlighted" offset="14 0 3 3"/>
            <State name="pushed" offset="14 0 3 3"/>
            <State name="disabled_checked" offset="14 0 3 3"/>
            <State name="normal_checked" offset="156 43 3 3"/>
            <State name="highlighted_checked" offset="14 0 3 3"/>
            <State name="pushed_checked" offset="14 0 3 3"/>
        </BasisSkin>
        <BasisSkin type="SubSkin" offset="14 3 3 11" align="Right VStretch">
            <State name="disabled" offset="14 3 3 11"/>
            <State name="normal" offset="156 25 3 11"/>
            <State name="highlighted" offset="14 3 3 11"/>
            <State name="pushed" offset="14 3 3 11"/>
            <State name="disabled_checked" offset="14 3 3 11"/>
            <State name="normal_checked" offset="156 46 3 11"/>
            <State name="highlighted_checked" offset="14 3 3 11"/>
            <State name="pushed_checked" offset="14 3 3 11"/>
        </BasisSkin>
        <BasisSkin type="SubSkin" offset="14 14 3 3" align="Right Bottom">
            <State name="disabled" offset="14 14 3 3"/>
            <State name="normal" offset="156 36 3 3"/>
            <State name="highlighted" offset="14 14 3 3"/>
            <State name="pushed" offset="14 14 3 3"/>
            <State name="disabled_checked" offset="14 14 3 3"/>
            <State name="normal_checked" offset="156 57 3 3"/>
            <State name="highlighted_checked" offset="14 14 3 3"/>
            <State name="pushed_checked" offset="14 14 3 3"/>
        </BasisSkin>
        <BasisSkin type="SubSkin" offset="3 14 11 3" align="HStretch Bottom">
            <State name="disabled" offset="3 14 11 3"/>
            <State name="normal" offset="145 36 11 3"/>
            <State name="highlighted" offset="3 14 11 3"/>
            <State name="pushed" offset="3 14 11 3"/>
            <State name="disabled_checked" offset="3 14 11 3"/>
            <State name="normal_checked" offset="145 57 11 3"/>
            <State name="highlighted_checked" offset="3 14 11 3"/>
            <State name="pushed_checked" offset="3 14 11 3"/>
        </BasisSkin>
        <BasisSkin type="SubSkin" offset="0 14 3 3" align="Left Bottom">
            <State name="disabled" offset="0 14 3 3"/>
            <State name="normal" offset="142 36 3 3"/>
            <State name="highlighted" offset="0 14 3 3"/>
            <State name="pushed" offset="0 14 3 3"/>
            <State name="disabled_checked" offset="0 14 3 3"/>
            <State name="normal_checked" offset="142 57 3 3"/>
            <State name="highlighted_checked" offset="0 14 3 3"/>
            <State name="pushed_checked" offset="0 14 3 3"/>
        </BasisSkin>
        <BasisSkin type="SubSkin" offset="0 3 3 11" align="Left VStretch">
            <State name="disabled" offset="0 3 3 11"/>
            <State name="normal" offset="142 25 3 11"/>
            <State name="highlighted" offset="0 3 3 11"/>
            <State name="pushed" offset="0 3 3 11"/>
            <State name="disabled_checked" offset="0 3 3 11"/>
            <State name="normal_checked" offset="142 46 3 11"/>
            <State name="highlighted_checked" offset="0 3 3 11"/>
            <State name="pushed_checked" offset="0 3 3 11"/>
        </BasisSkin>
        <BasisSkin type="SubSkin" offset="3 3 11 11" align="Stretch">
            <State name="disabled" offset="3 3 11 11"/>
            <State name="normal" offset="145 25 11 11"/>
            <State name="highlighted" offset="3 3 11 11"/>
            <State name="pushed" offset="3 3 11 11"/>
            <State name="disabled_checked" offset="3 3 11 11"/>
            <State name="normal_checked" offset="145 46 11 11"/>
            <State name="highlighted_checked" offset="3 3 11 11"/>
            <State name="pushed_checked" offset="3 3 11 11"/>
        </BasisSkin>
    </Resource>
    <Resource type="ResourceSkin" name="Pointer" size="40 65" texture="Skins.png">
        <BasisSkin type="SubSkin" offset="0 0 40 65" align="Stretch">
            <State name="normal" offset="0 0 40 65"/>
        </BasisSkin>
    </Resource>
</MyGUI>
