<?xml version="1.0" encoding="UTF-8"?>
<MyGUI type="Resource">
    <Resource type="ResourceLayout" name="InventoryItemGrid" version="3.2.0">
        <Widget type="Widget" skin="PanelEmpty" position="5 5 55 55" name="Root">
            <UserString key="LE_TargetWidgetType" value="ItemBox"/>
            <UserString key="DragLayer" value="DragAndDrop"/>
            <Widget type="Widget" skin="PanelEmpty" position="3 3 32 32" align="Stretch" name="Client"/>
            <Widget type="ScrollBar" skin="ScrollBarV" position="35 3 15 32" align="Right VStretch" name="VScroll">
			</Widget>
            <Widget type="ScrollBar" skin="ScrollBarH" position="3 35 32 15" align="HStretch Bottom" name="HScroll"/>
        </Widget>
    </Resource>
	<Resource type="ResourceLayout" name="InventoryToolGrid" version="3.2.0">
        <Widget type="Widget" skin="PanelEmpty" position="5 5 55 55" name="Root">
            <UserString key="LE_TargetWidgetType" value="ItemBox"/>
            <UserString key="DragLayer" value="DragAndDrop"/>
            <Widget type="Widget" skin="PanelEmpty" position_real="0 0 1 1" align="Stretch" name="Client"/>
        </Widget>
    </Resource>
</MyGUI>
