<MyGUI type="Resource" version="1.1">
    <Resource type="ResourceImageSet" name="ItemIconsSet0">
        <Group name="ItemIcons" texture="IconMap.png" size="80 80">
            <Index name="Empty">
                <Frame point="0 0"/>
            </Index>
            <Index name="a6c6ce30-dd47-4587-b475-085d55c6a3b4">
                <Frame point="80 0"/>
            </Index>
            <Index name="df953d9c-234f-4ac2-af5e-f0490b223e71">
                <Frame point="160 0"/>
            </Index>
            <Index name="8aedf6c2-94e1-4506-89d4-a0227c552f1e">
                <Frame point="240 0"/>
            </Index>
            <Index name="09ca2713-28ee-4119-9622-e85490034758">
                <Frame point="320 0"/>
            </Index>
            <Index name="8ca49bff-eeef-4b43-abd0-b527a567f1b7">
                <Frame point="400 0"/>
            </Index>
            <Index name="0603b36e-0bdb-4828-b90c-ff19abcdfe34">
                <Frame point="480 0"/>
            </Index>
            <Index name="749f69e0-56c9-488c-adf6-66c58531818f">
                <Frame point="560 0"/>
            </Index>
            <Index name="4a1b886b-913e-4aad-b5b6-6e41b0db23a6">
                <Frame point="640 0"/>
            </Index>
            <Index name="aa8d89eb-919b-42f4-8b58-af6f0d5856bc">
                <Frame point="720 0"/>
            </Index>
            <Index name="a481138b-fae9-47c9-9bc2-91b6d2e2bf52">
                <Frame point="800 0"/>
            </Index>
            <Index name="cf3fdcfc-a7e5-4497-b000-ffda67dd8db7">
                <Frame point="880 0"/>
            </Index>
            <Index name="42786777-c148-4e13-9bab-e460564e79c3">
                <Frame point="0 80"/>
            </Index>
            <Index name="38ee0516-abc5-4e46-9195-c763610d7ec4">
                <Frame point="80 80"/>
            </Index>
            <Index name="20f59114-5964-451f-bb47-820da3ebbc3b">
                <Frame point="160 80"/>
            </Index>
            <Index name="ca003562-fde7-463c-969e-f8334ae54387">
                <Frame point="240 80"/>
            </Index>
            <Index name="d5e36413-b3c1-4636-8447-3410c352ec7b">
                <Frame point="320 80"/>
            </Index>
            <Index name="6546c293-a5aa-4442-80d5-a2819f077746">
                <Frame point="400 80"/>
            </Index>
            <Index name="5e96037a-a338-490a-a76f-6b4d820f8e46">
                <Frame point="480 80"/>
            </Index>
            <Index name="12862001-666c-4bdd-8326-a1f43610d28b">
                <Frame point="560 80"/>
            </Index>
            <Index name="7cf717d7-d167-4f2d-a6e7-6b2c70aa3986">
                <Frame point="640 80"/>
            </Index>
            <Index name="1e8d93a4-506b-470d-9ada-9c0a321e2db5">
                <Frame point="720 80"/>
            </Index>
            <Index name="add3acc6-a6fd-44e8-a384-a7a16ce13c81">
                <Frame point="800 80"/>
            </Index>
            <Index name="dfefc9d7-db03-4d25-ad85-eae1d824d8c0">
                <Frame point="880 80"/>
            </Index>
            <Index name="818f4e15-ff51-4fed-b874-723a25d62e1c">
                <Frame point="0 160"/>
            </Index>
            <Index name="161786c1-1290-4817-8f8b-7f80de755a06">
                <Frame point="80 160"/>
            </Index>
            <Index name="4c6e27a2-4c35-4df3-9794-5e206fef9012">
                <Frame point="160 160"/>
            </Index>
            <Index name="a052e116-f273-4d73-872c-924a97b86720">
                <Frame point="240 160"/>
            </Index>
            <Index name="1c04327f-1de4-4b06-92a8-2c9b40e491aa">
                <Frame point="320 160"/>
            </Index>
            <Index name="ed27f5e2-cac5-4a32-a5d9-49f116acc6af">
                <Frame point="400 160"/>
            </Index>
            <Index name="69e362c3-32aa-4cd1-adc0-dcfc47b92c0d">
                <Frame point="480 160"/>
            </Index>
            <Index name="db66f0b1-0c50-4b74-bdc7-771374204b1f">
                <Frame point="560 160"/>
            </Index>
            <Index name="87878e83-8170-4796-9401-6baba45ccef2">
                <Frame point="640 160"/>
            </Index>
            <Index name="4c7b8096-b8ca-4341-bfe9-d31d2d5443b8">
                <Frame point="720 160"/>
            </Index>
            <Index name="31768765-5a08-499a-a7e6-7e7613363f75">
                <Frame point="800 160"/>
            </Index>
            <Index name="1ed1d5a8-466a-4b5e-867b-0d93cd9d2dcb">
                <Frame point="880 160"/>
            </Index>
            <Index name="b9775316-7272-4a66-a8a9-179108d76f18">
                <Frame point="0 240"/>
            </Index>
            <Index name="c8c07259-bc23-45a1-8a4c-585962274f19">
                <Frame point="80 240"/>
            </Index>
            <Index name="d5da6d42-69e2-49ca-8def-3339bf9f0d35">
                <Frame point="160 240"/>
            </Index>
            <Index name="85379fe5-da83-4aa2-b9c2-d67476ad6079">
                <Frame point="240 240"/>
            </Index>
            <Index name="8336bf8b-cde0-46a0-b995-5000cba4f27f">
                <Frame point="320 240"/>
            </Index>
            <Index name="1ef1f0e8-389c-4eb9-b4a8-784499353f14">
                <Frame point="400 240"/>
            </Index>
            <Index name="295451dd-f5b2-421d-9113-b3f704d799d4">
                <Frame point="480 240"/>
            </Index>
            <Index name="f5786e5d-8366-4ebf-be00-f3a4b036a77b">
                <Frame point="560 240"/>
            </Index>
            <Index name="b50a014c-0785-4b1b-b63e-51cfdb7e49ad">
                <Frame point="640 240"/>
            </Index>
            <Index name="e02620a5-371b-4d63-be35-fd8a0552eba9">
                <Frame point="720 240"/>
            </Index>
            <Index name="635eee58-9a36-437f-9e30-78dab0cbcc59">
                <Frame point="800 240"/>
            </Index>
            <Index name="0a597f6d-eb45-4f93-91e5-130e19e0f1f5">
                <Frame point="880 240"/>
            </Index>
            <Index name="2228cef0-f22a-4901-93c5-48e4df52caf6">
                <Frame point="0 320"/>
            </Index>
            <Index name="c40683f3-d9ce-4067-af24-3514c1867a1a">
                <Frame point="80 320"/>
            </Index>
            <Index name="15a8f24b-016a-4db6-adcc-967ee1b6c7b1">
                <Frame point="160 320"/>
            </Index>
            <Index name="33d5f0c1-f80c-478a-b69d-9edafe376474">
                <Frame point="240 320"/>
            </Index>
            <Index name="56545d5c-556d-4cd5-9125-6e34acf37c3d">
                <Frame point="320 320"/>
            </Index>
            <Index name="6b78fb4b-2af9-4a01-a7c5-7e333d245adb">
                <Frame point="400 320"/>
            </Index>
            <Index name="dbd509b5-b7cc-43cf-9a89-b3befecfe991">
                <Frame point="480 320"/>
            </Index>
            <Index name="8d7be7bf-37c9-44d6-8adf-fc87b141cadf">
                <Frame point="560 320"/>
            </Index>
            <Index name="f80026c5-2019-4f87-8abd-345bd23aa156">
                <Frame point="640 320"/>
            </Index>
            <Index name="f37b101c-508b-4630-9f9d-47ef1c834183">
                <Frame point="720 320"/>
            </Index>
            <Index name="d71d8897-5af6-4adc-b626-50e45f931157">
                <Frame point="800 320"/>
            </Index>
            <Index name="68c2baa5-1274-4bfd-8b12-6e522123f4de">
                <Frame point="880 320"/>
            </Index>
            <Index name="8c4b9721-3de4-4ae3-a7d1-6f66a16d1368">
                <Frame point="0 400"/>
            </Index>
            <Index name="007d6afc-59ef-4fb4-9bb7-52ab9bcfec22">
                <Frame point="80 400"/>
            </Index>
            <Index name="6a720005-ba27-4cfc-8fb3-b1af8b9c8bd3">
                <Frame point="160 400"/>
            </Index>
            <Index name="57fad8e9-2aff-40c3-9d5c-8f81573b58b9">
                <Frame point="240 400"/>
            </Index>
            <Index name="53349c8d-14e8-4055-bd79-a1ab56fe876e">
                <Frame point="320 400"/>
            </Index>
            <Index name="763fd838-7ed5-420e-8984-c2ae86da1e5c">
                <Frame point="400 400"/>
            </Index>
            <Index name="7a0e9041-9dd5-4cb1-b804-69ee16c45efe">
                <Frame point="480 400"/>
            </Index>
            <Index name="50007ac9-e97d-4b32-9fd6-de919c8a34a4">
                <Frame point="560 400"/>
            </Index>
            <Index name="d97a85c5-7c0f-4bfb-9ef4-ce6ecdab9539">
                <Frame point="640 400"/>
            </Index>
            <Index name="b050533f-200b-4253-9532-c2cfa273f982">
                <Frame point="720 400"/>
            </Index>
            <Index name="6f0c29d3-f8c1-4314-b13d-db637ed89061">
                <Frame point="800 400"/>
            </Index>
            <Index name="fbc0fbfb-803c-42dd-aace-1ae10e55a785">
                <Frame point="880 400"/>
            </Index>
            <Index name="01d2298b-6cdb-4f4f-bd73-37c76cd60ca3">
                <Frame point="0 480"/>
            </Index>
            <Index name="1325d152-3dd1-41a1-9027-5823c5cb55c4">
                <Frame point="80 480"/>
            </Index>
            <Index name="bbc5cc77-443d-4aa7-a175-ebdeb09c2df3">
                <Frame point="160 480"/>
            </Index>
            <Index name="07232236-22eb-4912-8774-ab185f368bb9">
                <Frame point="240 480"/>
            </Index>
            <Index name="4f1c0036-389b-432e-81de-8261cb9f9d57">
                <Frame point="320 480"/>
            </Index>
            <Index name="9f37d9e9-be8d-49c8-a7ac-e59c67786083">
                <Frame point="400 480"/>
            </Index>
            <Index name="04782466-eca1-4ed9-8502-036ea269aed9">
                <Frame point="480 480"/>
            </Index>
            <Index name="862f6857-3050-4a84-8191-6a7cbb50bd1a">
                <Frame point="560 480"/>
            </Index>
            <Index name="53e8478f-517f-4ea0-be9c-f4a357400cc1">
                <Frame point="640 480"/>
            </Index>
            <Index name="17153a0e-8461-442f-b172-3a899c1ae99f">
                <Frame point="720 480"/>
            </Index>
            <Index name="08918d4d-29e6-427d-ad8c-1eafcc4af1f9">
                <Frame point="800 480"/>
            </Index>
            <Index name="0535b90e-f0a8-491c-8c70-1fc81b939fb4">
                <Frame point="880 480"/>
            </Index>
            <Index name="6be64f78-927b-4f61-b645-20adfbd9bfce">
                <Frame point="0 560"/>
            </Index>
            <Index name="33102836-a94d-4ab3-9864-3d54d32c230d">
                <Frame point="80 560"/>
            </Index>
            <Index name="f0713386-8c95-493d-b013-e8e53e32d1ed">
                <Frame point="160 560"/>
            </Index>
            <Index name="a8164438-65fa-4840-8bc2-766fad543841">
                <Frame point="240 560"/>
            </Index>
            <Index name="697e3b80-d3f7-4f4a-aba2-23611a45f967">
                <Frame point="320 560"/>
            </Index>
            <Index name="647296c4-41ef-4173-8a54-d2a1ae1e89c3">
                <Frame point="400 560"/>
            </Index>
            <Index name="2ba72fca-443a-49e4-8eb2-073c4226866e">
                <Frame point="480 560"/>
            </Index>
            <Index name="903b0823-4ce1-48e6-9702-aeaa7598c347">
                <Frame point="560 560"/>
            </Index>
            <Index name="885ab381-007d-4a60-99e3-c58dec54c880">
                <Frame point="640 560"/>
            </Index>
            <Index name="c3990931-b471-4e89-beb5-0baaef47f0af">
                <Frame point="720 560"/>
            </Index>
            <Index name="80550b05-f9eb-433c-9773-2af3beb1479d">
                <Frame point="800 560"/>
            </Index>
            <Index name="f0438bd7-6307-4991-943f-d78b04877d96">
                <Frame point="880 560"/>
            </Index>
            <Index name="f6687d52-efc1-4f00-b573-bee4363ee14f">
                <Frame point="0 640"/>
            </Index>
            <Index name="18a38c8e-18ec-46c5-be00-cee7724401e2">
                <Frame point="80 640"/>
            </Index>
            <Index name="8b684022-254b-41af-a58c-ec4b14791000">
                <Frame point="160 640"/>
            </Index>
            <Index name="de467c9b-a0ab-4e20-95ae-0e5fe8140989">
                <Frame point="240 640"/>
            </Index>
            <Index name="7ece2c9b-bc74-45b7-b5f1-4c6f41a03a7a">
                <Frame point="320 640"/>
            </Index>
            <Index name="8bcc5a38-b566-45fe-b47e-45118ee70d2d">
                <Frame point="400 640"/>
            </Index>
            <Index name="faae6e1a-f431-49fd-b8b8-16f12139ee88">
                <Frame point="480 640"/>
            </Index>
            <Index name="102565a0-c864-463e-b517-72e82242eec2">
                <Frame point="560 640"/>
            </Index>
            <Index name="e2a0770b-9bb9-4b3b-b9f2-994b534b79f3">
                <Frame point="640 640"/>
            </Index>
            <Index name="3fa0afca-7715-459e-86fa-2a81cf3027b8">
                <Frame point="720 640"/>
            </Index>
            <Index name="c89f7bc8-5720-474d-989d-761916a411b2">
                <Frame point="800 640"/>
            </Index>
            <Index name="80bc2b9f-98a9-44e4-9cb8-d4ec7e95b40f">
                <Frame point="880 640"/>
            </Index>
            <Index name="c5e56da5-bc3f-4519-91c2-b307d36e15aa">
                <Frame point="0 720"/>
            </Index>
            <Index name="edd445cc-c298-4ce3-9a58-745c1bee1bc7">
                <Frame point="80 720"/>
            </Index>
            <Index name="2ccaa006-008e-4069-8de1-15668050f92e">
                <Frame point="160 720"/>
            </Index>
            <Index name="70bf77d0-c9dd-4232-9e05-fbf7f49bd62c">
                <Frame point="240 720"/>
            </Index>
            <Index name="99b7fd1d-7126-4928-bfc2-f82befcbd905">
                <Frame point="320 720"/>
            </Index>
            <Index name="a5198434-2639-4cb0-8e01-865bc4d9b791">
                <Frame point="400 720"/>
            </Index>
            <Index name="068a89ca-504e-4782-9ede-48f710aeea73">
                <Frame point="480 720"/>
            </Index>
            <Index name="14e8f5d0-7d6a-41ab-96a1-fc34588de868">
                <Frame point="560 720"/>
            </Index>
            <Index name="d509a432-85f9-419f-8b02-8d58b1082f97">
                <Frame point="640 720"/>
            </Index>
            <Index name="b4498227-6650-4e52-b5a6-6db7a7b34d14">
                <Frame point="720 720"/>
            </Index>
            <Index name="c79a1857-a5c7-4616-b507-f1b151c31fe8">
                <Frame point="800 720"/>
            </Index>
            <Index name="3878d965-de4a-4e7b-a15a-73cc032158b6">
                <Frame point="880 720"/>
            </Index>
            <Index name="1f334b62-8955-4406-8848-91e03228c330">
                <Frame point="0 800"/>
            </Index>
            <Index name="9eead4cf-4743-486e-99be-a553c4c10740">
                <Frame point="80 800"/>
            </Index>
            <Index name="13ffabca-91ec-48ce-9dd6-4f6660714701">
                <Frame point="160 800"/>
            </Index>
            <Index name="df3734e2-f04b-443f-b568-fe5b076646c7">
                <Frame point="240 800"/>
            </Index>
            <Index name="89f6c762-c0ed-44ad-b3f1-a60dbdd889c5">
                <Frame point="320 800"/>
            </Index>
            <Index name="cec1d36c-b48a-43d2-9667-5e53b62dd4c5">
                <Frame point="400 800"/>
            </Index>
            <Index name="7826f497-426b-42cb-a857-0d784f3ab2f3">
                <Frame point="480 800"/>
            </Index>
            <Index name="c4609540-bc32-4c3f-83b8-3b6926878012">
                <Frame point="560 800"/>
            </Index>
            <Index name="d1421af8-6f80-4413-8099-2c6b217fb929">
                <Frame point="640 800"/>
            </Index>
            <Index name="bc575e0c-d1aa-438e-9f3d-0a80f4ea915f">
                <Frame point="720 800"/>
            </Index>
            <Index name="bb443a05-b5b9-4fad-90fc-5e04aa90fd8f">
                <Frame point="800 800"/>
            </Index>
        </Group>
    </Resource>
</MyGUI>
