{
	"LoadingTexts":
	[
		{
			"text": "Did you know that if you put two toilet paper rolls on top of each other it will become a paper towel roll."
		},
		{
			"text": "If you’d like to take screenshots without the GUI, you can toggle it by pressing alt + Z"
		},
		{
			"text": "Building blocks can be scaled by holding the left mouse button and dragging"
		},
		{
			"text": "You can connect a button or switch to the Driver’s seat and activate it when seated"
		},
		{
			"text": "You rotate any part by pressing Q or Shift + Q"
		},
		{
			"text": "The controller lets you create amazing transforming machines, so give it a try!"
		},
		{
			"text": "If your creation tips over, you can always get it back to upside up by using the lift."
		},
		{
			"text": "Scrap Mechanic is still in development: changes and improvements are happening all the time!"
		},
		{
			"text": "All the information you need to get started is in the Mechanics handbook!"
		},
		{
			"text": "You’re the master of your own creations! There’s no right or wrong here."
		},
		{
			"text": "If your creation fails to work as you intended, let’s just call it art."
		}
	]
}