<?xml version="1.0" encoding="UTF-8"?>
<MyGUI type="Resource">
	<Resource type="ResourceLayout" name="InventoryVScroll" version="3.2.0">
        <Widget type="Widget" skin="PanelEmpty" position="25 50 5 125" name="Root">
            <Property key="VerticalAlignment" value="true"/>
            <UserString key="LE_TargetWidgetType" value="ScrollBar"/>
            <Widget type="Widget" skin="PanelEmpty" position="0 0 5 120" align="Stretch" name="TrackPlace">
                <Property key="NeedKey" value="false"/>
                <Property key="InheritsPick" value="true"/>
                <Widget type="Button" skin="VerticalScroll" position="0 0 5 0" align="VStretch Top" name="Track">
                    <UserString key="MinTrackSize" value="10"/>
                </Widget>
            </Widget>
        </Widget>
    </Resource>
    <Resource type="ResourceLayout" name="InventoryItemBox" version="3.2.0">
        <Widget type="Widget" skin="PanelEmpty" position="0 0 55 55" name="Root">
            <UserString key="LE_TargetWidgetType" value="ItemBox"/>
            <UserString key="DragLayer" value="DragAndDrop"/>
            <Widget type="Widget" skin="PanelEmpty" position="0 0 45 40" align="Stretch" name="Client"/>
            <Widget type="ScrollBar" skin="InventoryVScroll" position="40 0 5 40" align="Right VStretch" name="VScroll"/>
            <Widget type="ScrollBar" skin="ScrollBarH" position="3 35 32 15" align="HStretch Bottom" name="HScroll"/>
        </Widget>
    </Resource>
	<Resource type="ResourceLayout" name="HandleVScroll" version="3.2.0">
        <Widget type="Widget" skin="PanelEmpty" position="10 50 5 125" name="Root">
            <Property key="VerticalAlignment" value="true"/>
            <UserString key="LE_TargetWidgetType" value="ScrollBar"/>
            <Widget type="Widget" skin="PanelEmpty" position="0 5 0 120" align="Stretch" name="TrackPlace">
                <Property key="NeedKey" value="false"/>
                <Property key="InheritsPick" value="true"/>
                <Widget type="Button" skin="MotorHandle" position="0 0 170 10" align="VStretch Top" name="Track">
                    <UserString key="MinTrackSize" value="10"/>
                </Widget>
            </Widget>
        </Widget>
    </Resource>
	<Resource type="ResourceLayout" name="YellowHSlider" version="3.2.0">
        <Widget type="Widget" skin="WhiteSkin" position="25 50 125 15" name="Root">
            <Property key="MoveToClick" value="true"/>
            <Property key="VerticalAlignment" value="false"/>
            <UserString key="LE_TargetWidgetType" value="ScrollBar"/>
            <Widget type="Widget" skin="PanelEmpty" position="0 0 125 15" align="Stretch" name="TrackPlace">
                <Property key="NeedKey" value="false"/>
                <Property key="InheritsPick" value="true"/>
                <Widget type="Button" skin="YellowArea" position="35 0 100 15" align="Left VStretch" name="Track"/>
                <Widget type="Widget" skin="PanelEmpty" position="0 0 35 15" align="Left VStretch" name="FirstPart"/>
                <Widget type="Widget" skin="PanelEmpty" position="42 0 80 15" align="Left VStretch" name="SecondPart"/>
            </Widget>
        </Widget>
    </Resource>
	<Resource type="ResourceLayout" name="YellowHSlider_Horn" version="3.2.0">
        <Widget type="Widget" skin="WhiteSkin" position="0 0 100 15" name="Root">
            <Property key="MoveToClick" value="true"/>
            <Property key="VerticalAlignment" value="false"/>
            <UserString key="LE_TargetWidgetType" value="ScrollBar"/>
            <Widget type="Widget" skin="PanelEmpty" position="0 0 100 15" align="Stretch" name="TrackPlace">
                <Property key="NeedKey" value="false"/>
                <Property key="InheritsPick" value="true"/>
                <Widget type="Button" skin="YellowArea"  position="35 0 50 15" align="Left VStretch" name="Track"/>
                <Widget type="Widget" skin="PanelEmpty" position="0 0 35 15" align="Left VStretch" name="FirstPart"/>
                <Widget type="Widget" skin="PanelEmpty" position="42 0 80 15" align="Left VStretch" name="SecondPart"/>
            </Widget>
        </Widget>
    </Resource>
	<Resource type="ResourceLayout" name="UpPointSlider" version="3.2.0">
        <Widget type="Widget" skin="UpPointSliderTrack" position="25 50 125 15" name="Root">
            <Property key="MoveToClick" value="true"/>
            <Property key="VerticalAlignment" value="false"/>
            <UserString key="LE_TargetWidgetType" value="ScrollBar"/>
            <Widget type="Widget" skin="PanelEmpty" position="0 0 125 15" align="Stretch" name="TrackPlace">
                <Property key="NeedKey" value="false"/>
                <Property key="InheritsPick" value="true"/>
                <Widget type="Button" skin="UpPointSliderHandle" position="35 0 25 15" align="Left VStretch" name="Track"/>
                <Widget type="Widget" skin="PanelEmpty" position="0 0 35 15" align="Left VStretch" name="FirstPart"/>
                <Widget type="Widget" skin="PanelEmpty" position="42 0 80 15" align="Left VStretch" name="SecondPart"/>
            </Widget>
        </Widget>
    </Resource>
	<Resource type="ResourceLayout" name="UpPointSlider_Music" version="3.2.0">
        <Widget type="Widget" skin="UpPointSliderTrack" position="25 50 125 15" name="Root">
            <Property key="MoveToClick" value="true"/>
            <Property key="VerticalAlignment" value="false"/>
            <UserString key="LE_TargetWidgetType" value="ScrollBar"/>
            <Widget type="Widget" skin="PanelEmpty" position="0 0 125 15" align="Stretch" name="TrackPlace">
                <Property key="NeedKey" value="false"/>
                <Property key="InheritsPick" value="true"/>
                <Widget type="Button" skin="UpPointSliderHandle" position="35 0 50 15" align="Left VStretch" name="Track"/>
                <Widget type="Widget" skin="PanelEmpty" position="0 0 35 15" align="Left VStretch" name="FirstPart"/>
                <Widget type="Widget" skin="PanelEmpty" position="42 0 80 15" align="Left VStretch" name="SecondPart"/>
            </Widget>
        </Widget>
    </Resource>
	<Resource type="ResourceLayout" name="FramedSlider" version="3.2.0">
        <Widget type="Widget" skin="PanelEmpty" position="25 50 125 15" name="Root">
            <Property key="MoveToClick" value="true"/>
            <Property key="VerticalAlignment" value="false"/>
            <UserString key="LE_TargetWidgetType" value="ScrollBar"/>
            <Widget type="Widget" skin="PanelEmpty" position="0 0 125 15" align="Stretch" name="TrackPlace">
                <Property key="NeedKey" value="false"/>
                <Property key="InheritsPick" value="true"/>
                <Widget type="Button" skin="FramedSliderHandle" position="35 0 57 15" align="Left VStretch" name="Track"/>
                <Widget type="Widget" skin="PanelEmpty" position="0 0 35 15" align="Left VStretch" name="FirstPart"/>
                <Widget type="Widget" skin="PanelEmpty" position="42 0 80 15" align="Left VStretch" name="SecondPart"/>
            </Widget>
        </Widget>
    </Resource>
	<Resource type="ResourceLayout" name="SMEditBox" version="3.2.0">
        <Widget type="Widget" skin="WhiteSkin" position="65 10 29 26" name="Root">
            <UserString key="LE_TargetWidgetType" value="EditBox"/>
            <Widget type="TextBox" skin="EditClientSkin" position="2 2 23 20" align="Stretch" name="Client">
                <Property key="TextAlign" value="Left VCenter"/>
                <Property key="FontName" value="Default"/>
                <Property key="TextColour" value="1 1 1"/>
                <Property key="Pointer" value="beam"/>
            </Widget>
        </Widget>
    </Resource>
	<Resource type="ResourceLayout" name="SMYellowEditBox" version="3.2.0">
        <Widget type="Widget" skin="YellowButton" position="65 10 29 26" name="Root">
            <UserString key="LE_TargetWidgetType" value="EditBox"/>
            <Widget type="TextBox" skin="EditClientSkin" position="2 2 25 22" align="Stretch" name="Client">
                <Property key="TextAlign" value="Left VCenter"/>
                <Property key="FontName" value="Default"/>
                <Property key="TextColour" value="1 1 1"/>
                <Property key="Pointer" value="beam"/>
            </Widget>
        </Widget>
    </Resource>
	<Resource type="ResourceLayout" name="SMGreyEditBox" version="3.2.0">
        <Widget type="Widget" skin="GreyBackground" position="0 0 45 30" name="Root">
            <UserString key="LE_TargetWidgetType" value="EditBox"/>
            <Widget type="TextBox" skin="EditClientSkin" position="10 10 20 20" align="Stretch" name="Client">
                <Property key="TextAlign" value="Left VCenter"/>
                <Property key="FontName" value="Default"/>
                <Property key="TextColour" value="1 1 1"/>
                <Property key="Pointer" value="beam"/>
            </Widget>
        </Widget>
    </Resource>
	<Resource type="ResourceLayout" name="SMGreyEditBox_Slider" version="3.2.0">
        <Widget type="Widget" skin="PanelEmpty" position="0 0 70 30" name="Root">
            <UserString key="LE_TargetWidgetType" value="EditBox"/>
			<Widget type="Widget" skin="GreyBackground" position="0 0 30 30" align="Stretch">
				<Widget type="TextBox" skin="EditClientSkin" position="10 10 20 20" align="Stretch" name="Client">
					<Property key="TextAlign" value="Left VCenter"/>
					<Property key="FontName" value="Default"/>
					<Property key="TextColour" value="1 1 1"/>
					<Property key="Pointer" value="beam"/>
				</Widget>
			</Widget>
			<Widget type="ScrollBar" skin="EIYellowVSlider" position="40 0 30 30" align="Stretch" name="VScroll"/>
        </Widget>
    </Resource>
    <Resource type="ResourceLayout" name="YellowVSlider" version="3.2.0">
        <Widget type="Widget" skin="WhiteSkin" position="20 20 15 125" name="Root">
            <Property key="MoveToClick" value="true"/>
            <Property key="VerticalAlignment" value="true"/>
            <UserString key="LE_TargetWidgetType" value="ScrollBar"/>
            <Widget type="Widget" skin="PanelEmpty" position="0 0 15 125" align="Stretch">
                <Widget type="Button" skin="YellowArea" position="0 25 15 100" align="HStretch Top" name="Track"/>
                <Widget type="Widget" skin="PanelEmpty" position="0 0 15 25" align="HStretch Top" name="FirstPart"/>
                <Widget type="Widget" skin="PanelEmpty" position="0 32 15 90" align="HStretch Top" name="SecondPart"/>
            </Widget>
        </Widget>
    </Resource>
	<Resource type="ResourceLayout" name="EIYellowVSlider" version="3.2.0">
        <Widget type="Widget" skin="GreyBackground" position="0 0 20 100" name="Root">
            <Property key="MoveToClick" value="true"/>
            <Property key="VerticalAlignment" value="true"/>
            <UserString key="LE_TargetWidgetType" value="ScrollBar"/>
            <Widget type="Widget" skin="PanelEmpty" position="0 5 20 90" align="Stretch">
                <Widget type="Button" skin="YellowButton" position="5 0 10 90" align="HStretch Top" name="Track"/>
                <Widget type="Widget" skin="PanelEmpty" position="5 0 20 25" align="HStretch Top" name="FirstPart"/>
                <Widget type="Widget" skin="PanelEmpty" position="5 0 20 90" align="HStretch Top" name="SecondPart"/>
            </Widget>
        </Widget>
    </Resource>
	<Resource type="ResourceLayout" name="SavedGames" version="3.2.0">
        <Widget type="Widget" skin="PanelEmpty" position="0 0 55 55" name="Root">
            <UserString key="LE_TargetWidgetType" value="ItemBox"/>
            <UserString key="DragLayer" value="DragAndDrop"/>
            <Widget type="Widget" skin="PanelEmpty" position="0 0 55 55" align="Stretch" name="Client"/>
        </Widget>
    </Resource>
	<Resource type="ResourceLayout" name="SMButton" version="3.2.0">
        <Widget type="Widget" skin="GenericButton" position="20 25 29 26" name="Root">
            <Property key="FontName" value="Default"/>
            <Property key="TextAlign" value="Center"/>
            <UserString key="LE_TargetWidgetType" value="Button"/>
        </Widget>
    </Resource>
	<Resource type="ResourceLayout" name="SMBlueButton" version="3.2.0">
        <Widget type="Widget" skin="BlueButton" position="20 25 29 26" name="Root">
            <Property key="FontName" value="Default"/>
            <Property key="TextAlign" value="Center"/>
            <UserString key="LE_TargetWidgetType" value="Button"/>
        </Widget>
    </Resource>
	<Resource type="ResourceLayout" name="SMRedButton" version="3.2.0">
        <Widget type="Widget" skin="RedButton" position="20 25 29 26" name="Root">
            <Property key="FontName" value="Default"/>
            <Property key="TextAlign" value="Center"/>
            <UserString key="LE_TargetWidgetType" value="Button"/>
        </Widget>
    </Resource>
	<Resource type="ResourceLayout" name="SMYellowButton" version="3.2.0">
        <Widget type="Widget" skin="YellowButton" position="20 25 29 26" name="Root">
            <Property key="FontName" value="Default"/>
            <Property key="TextAlign" value="Center"/>
            <UserString key="LE_TargetWidgetType" value="Button"/>
        </Widget>
    </Resource>
	<Resource type="ResourceLayout" name="SMGreyButton" version="3.2.0">
        <Widget type="Widget" skin="GreyButton" position="20 25 29 26" name="Root">
            <Property key="FontName" value="Default"/>
            <Property key="TextAlign" value="Center"/>
            <UserString key="LE_TargetWidgetType" value="Button"/>
        </Widget>
    </Resource>
	<Resource type="ResourceLayout" name="SMButtonLeft" version="3.2.0">
        <Widget type="Widget" skin="GenericButtonLeft" position="20 25 29 26" name="Root">
            <Property key="FontName" value="Default"/>
            <Property key="TextAlign" value="Center"/>
            <UserString key="LE_TargetWidgetType" value="Button"/>
        </Widget>
    </Resource>
	<Resource type="ResourceLayout" name="SMButtonCenter" version="3.2.0">
        <Widget type="Widget" skin="GenericButtonCenter" position="20 25 29 26" name="Root">
            <Property key="FontName" value="Default"/>
            <Property key="TextAlign" value="Center"/>
            <UserString key="LE_TargetWidgetType" value="Button"/>
        </Widget>
    </Resource>
	<Resource type="ResourceLayout" name="SMButtonRight" version="3.2.0">
        <Widget type="Widget" skin="GenericButtonRight" position="20 25 29 26" name="Root">
            <Property key="FontName" value="Default"/>
            <Property key="TextAlign" value="Center"/>
            <UserString key="LE_TargetWidgetType" value="Button"/>
        </Widget>
    </Resource>
	<Resource type="ResourceLayout" name="SMLeft" version="3.2.0">
        <Widget type="Widget" skin="LeftButton" position="20 25 29 26" name="Root">
            <Property key="FontName" value="Default"/>
            <Property key="TextAlign" value="Center"/>
            <UserString key="LE_TargetWidgetType" value="Button"/>
        </Widget>
    </Resource>
	<Resource type="ResourceLayout" name="SMRight" version="3.2.0">
        <Widget type="Widget" skin="RightButton" position="20 25 29 26" name="Root">
            <Property key="FontName" value="Default"/>
            <Property key="TextAlign" value="Center"/>
            <UserString key="LE_TargetWidgetType" value="Button"/>
        </Widget>
    </Resource>
	<Resource type="ResourceLayout" name="SMAudioHSlider" version="3.2.0">
        <Widget type="Widget" skin="PanelEmpty" position="0 0 125 5" name="Root">
            <Property key="VerticalAlignment" value="false"/>
			<Property key="MoveToClick" value="true"/>
            <UserString key="LE_TargetWidgetType" value="ScrollBar"/>
            <Widget type="Widget" skin="AudioSliderBackground" position="0 0 125 5" align="Stretch" name="TrackPlace">
                <Property key="NeedKey" value="false"/>
                <Property key="InheritsPick" value="true"/>
                <Widget type="Button" skin="AudioHandle" position="0 0 16 16" align="Center" name="Track">
                </Widget>
            </Widget>
        </Widget>
    </Resource>
	<Resource type="ResourceLayout" name="SMAudioHSlider_Big" version="3.2.0">
        <Widget type="Widget" skin="AudioSliderBackground" position="0 0 125 32" name="Root">
			<Property key="MoveToClick" value="true"/>
            <Property key="VerticalAlignment" value="false"/>
            <UserString key="LE_TargetWidgetType" value="ScrollBar"/>
            <Widget type="Widget" skin="PanelEmpty" position="0 0 125 32" align="Stretch" name="TrackPlace">
				<Property key="NeedKey" value="false"/>
                <Property key="InheritsPick" value="true"/>
                <Widget type="Button" skin="AudioHandle" position="35 0 32 32" align="Center" name="Track"/>
				<Widget type="Widget" skin="PanelEmpty" position="0 0 35 32" align="Left VStretch" name="FirstPart"/>
                <Widget type="Widget" skin="PanelEmpty" position="67 0 58 32" align="Left VStretch" name="SecondPart"/>
            </Widget>
        </Widget>
    </Resource>
	<Resource type="ResourceLayout" name="SMTextBox" version="3.2.0">
        <Widget type="Widget" skin="WhiteTextBox" position="20 20 16 16" name="Root">
            <Property key="TextAlign" value="Default"/>
            <Property key="FontName" value="Default"/>
            <Property key="TextColour" value="1 1 1"/>
            <UserString key="LE_TargetWidgetType" value="TextBox"/>
        </Widget>
    </Resource>
	<Resource type="ResourceLayout" name="RightPointSlider" version="3.2.0">
        <Widget type="Widget" skin="RightPointSliderTrack" position="0 0 58 125" name="Root">
            <Property key="MoveToClick" value="true"/>
            <Property key="VerticalAlignment" value="true"/>
            <UserString key="LE_TargetWidgetType" value="ScrollBar"/>
            <Widget type="Widget" skin="PanelEmpty" position="0 0 59 125" align="Stretch" name="TrackPlace">
				<Property key="InheritsPick" value="true"/>
                <Widget type="Button" skin="RightPointSliderHandle" position="0 25 59 74" align="HStretch Top" name="Track"/>
				<Widget type="Widget" skin="PanelEmpty" position="0 0 59 25" align="HStretch Top" name="FirstPart"/>
                <Widget type="Widget" skin="PanelEmpty" position="0 32 59 90" align="HStretch Top" name="SecondPart"/>
            </Widget>
        </Widget>
    </Resource>
	<Resource type="ResourceLayout" name="SMLoadingBar" version="3.2.0">
        <Widget type="Widget" skin="InventoryBackground" position="25 50 125 15" name="Root">
            <UserString key="LE_TargetWidgetType" value="ProgressBar"/>
            <UserString key="TrackFill" value="true"/>
            <UserString key="TrackSkin" value="YellowArea"/>
            <UserString key="TrackWidth" value="6"/>
            <Widget type="Widget" skin="PanelEmpty" position="2 2 122 11" align="Stretch" name="TrackPlace">
                <Property key="NeedKey" value="false"/>
                <Property key="InheritsPick" value="true"/>
            </Widget>
        </Widget>
    </Resource>
	<Resource type="ResourceLayout" name="EILoadingBar" version="3.2.0">
        <Widget type="Widget" skin="GreyBackground" position="25 50 125 15" name="Root">
            <UserString key="LE_TargetWidgetType" value="ProgressBar"/>
            <UserString key="TrackFill" value="true"/>
            <UserString key="TrackSkin" value="BrightYellowArea"/>
            <UserString key="TrackWidth" value="6"/>
            <Widget type="Widget" skin="PanelEmpty" position="0 0 125 15" align="Stretch" name="TrackPlace">
                <Property key="NeedKey" value="false"/>
                <Property key="InheritsPick" value="true"/>
            </Widget>
        </Widget>
    </Resource>
	<Resource type="ResourceLayout" name="SMScrollView" version="3.2.0">
        <Widget type="Widget" skin="PanelEmpty" position="5 5 55 55" name="Root">
            <UserString key="LE_TargetWidgetType" value="ScrollView"/>
            <Widget type="Widget" skin="PanelEmpty" position="3 3 32 32" align="Stretch" name="Client"/>
            <Widget type="ScrollBar" skin="ScrollBarV" position="35 3 15 32" align="Right VStretch" name="VScroll"/>
            <Widget type="ScrollBar" skin="ScrollBarH" position="3 35 32 15" align="HStretch Bottom" name="HScroll"/>
        </Widget>
    </Resource>
	<Resource type="ResourceLayout" name="HyperTextBox">
		<Widget type="Widget" skin="PanelEmpty" position="0 0 16 16" name="Root">
			<Property key="Spacer" value="10 10"/>
			<Property key="DefaultFont" value="Futura.40.manual"/>
			<Property key="BoldFont" value="Futura.40.manual"/>
			<Property key="ItalicFont" value="Futura.40.manual"/>
			<Property key="BoldItalicFont" value="Futura.40.manual"/>
			<Property key="Header1Font" value="Futura.40.manual"/>
			<Property key="Header2Font" value="Futura.40.manual"/>
			<Property key="Header3Font" value="Futura.40.manual"/>
			<Property key="FontShadow" value="true"/>
			<Widget type="ScrollViewPanel" skin="SMScrollView" position="0 0 16 16" align="Stretch" name="ScrollViewPanel">
				<Property key="CanvasAlign" value="Default"/>
				<Property key="VisibleHScroll" value="false"/>
				<Property key="VisibleVScroll" value="false"/>
				<Widget type="StackPanel" skin="PanelEmpty" position="0 0 16 16" align="Default" name="StackPanel"/>
			</Widget>
		</Widget>
	</Resource>
</MyGUI>
