﻿<?xml version="1.0" encoding="UTF-8"?>
<MyGUI type="Resource" version="1.1">
    <Resource type="ResourceSkin" name="InventoryBackground" size="17 17" texture="ScrapMekSkin.png">
        <BasisSkin type="SubSkin" offset="0 0 5 5" align="Left Top">
            <State name="normal" offset="0 0 5 5"/>
        </BasisSkin>
        <BasisSkin type="SubSkin" offset="5 0 7 5" align="HStretch Top">
            <State name="normal" offset="5 0 7 5"/>
        </BasisSkin>
        <BasisSkin type="SubSkin" offset="12 0 5 5" align="Right Top">
            <State name="normal" offset="12 0 5 5"/>
        </BasisSkin>
        <BasisSkin type="SubSkin" offset="12 5 5 7" align="Right VStretch">
            <State name="normal" offset="12 5 5 7"/>
        </BasisSkin>
        <BasisSkin type="SubSkin" offset="12 12 5 5" align="Right Bottom">
            <State name="normal" offset="12 12 5 5"/>
        </BasisSkin>
        <BasisSkin type="SubSkin" offset="5 12 7 5" align="HStretch Bottom">
            <State name="normal" offset="5 12 7 5"/>
        </BasisSkin>
        <BasisSkin type="SubSkin" offset="0 12 5 5" align="Left Bottom">
            <State name="normal" offset="0 12 5 5"/>
        </BasisSkin>
        <BasisSkin type="SubSkin" offset="0 5 5 7" align="Left VStretch">
            <State name="normal" offset="0 5 5 7"/>
        </BasisSkin>
        <BasisSkin type="SubSkin" offset="5 5 7 7" align="Stretch">
            <State name="normal" offset="5 5 7 7"/>
        </BasisSkin>
    </Resource>
    <Resource type="ResourceSkin" name="VerticalScroll" size="5 20" texture="ScrapMekSkin.png">
        <BasisSkin type="SubSkin" offset="0 0 5 6" align="HStretch Top">
            <State name="normal" offset="17 0 5 6"/>
        </BasisSkin>
        <BasisSkin type="SubSkin" offset="0 14 5 6" align="HStretch Bottom">
            <State name="normal" offset="17 14 5 6"/>
        </BasisSkin>
        <BasisSkin type="SubSkin" offset="0 6 5 8" align="Stretch">
            <State name="normal" offset="17 6 5 8"/>
        </BasisSkin>
    </Resource>
    <Resource type="ResourceSkin" name="MotorHandle" size="140 40" texture="ScrapMekSkin.png">
        <BasisSkin type="SubSkin" offset="0 0 140 40" align="Stretch">
            <State name="normal" offset="22 0 140 40"/>
        </BasisSkin>
    </Resource>
    <Resource type="ResourceSkin" name="CloseButton" size="32 31" texture="ScrapMekSkin.png">
        <BasisSkin type="SubSkin" offset="0 0 32 31" align="Stretch">
            <State name="normal" offset="22 40 32 31"/>
        </BasisSkin>
    </Resource>
    <Resource type="ResourceSkin" name="WhiteBorder" size="17 17" texture="ScrapMekSkin.png">
        <BasisSkin type="SubSkin" offset="0 0 4 4" align="Left Top">
            <State name="normal" offset="0 17 4 4"/>
        </BasisSkin>
        <BasisSkin type="SubSkin" offset="4 0 9 4" align="HStretch Top">
            <State name="normal" offset="4 17 9 4"/>
        </BasisSkin>
        <BasisSkin type="SubSkin" offset="13 0 4 4" align="Right Top">
            <State name="normal" offset="13 17 4 4"/>
        </BasisSkin>
        <BasisSkin type="SubSkin" offset="13 4 4 9" align="Right VStretch">
            <State name="normal" offset="13 21 4 9"/>
        </BasisSkin>
        <BasisSkin type="SubSkin" offset="13 13 4 4" align="Right Bottom">
            <State name="normal" offset="13 30 4 4"/>
        </BasisSkin>
        <BasisSkin type="SubSkin" offset="4 13 9 4" align="HStretch Bottom">
            <State name="normal" offset="4 30 9 4"/>
        </BasisSkin>
        <BasisSkin type="SubSkin" offset="0 13 4 4" align="Left Bottom">
            <State name="normal" offset="0 30 4 4"/>
        </BasisSkin>
        <BasisSkin type="SubSkin" offset="0 4 4 9" align="Left VStretch">
            <State name="normal" offset="0 21 4 9"/>
        </BasisSkin>
        <BasisSkin type="SubSkin" offset="4 4 9 9" align="Stretch">
            <State name="normal" offset="4 21 9 9"/>
        </BasisSkin>
    </Resource>
    <Resource type="ResourceSkin" name="CloseButton2" size="38 38" texture="ScrapMekSkin.png">
        <BasisSkin type="SubSkin" offset="0 0 38 38" align="Stretch">
            <State name="normal" offset="54 40 38 38"/>
        </BasisSkin>
    </Resource>
    <Resource type="ResourceSkin" name="YellowArea" size="34 34" texture="ScrapMekSkin.png">
        <BasisSkin type="SubSkin" offset="0 0 1 1" align="Left Top">
            <State name="normal" offset="92 40 1 1"/>
        </BasisSkin>
        <BasisSkin type="SubSkin" offset="1 0 32 1" align="HStretch Top">
            <State name="normal" offset="93 40 32 1"/>
        </BasisSkin>
        <BasisSkin type="SubSkin" offset="33 0 1 1" align="Right Top">
            <State name="normal" offset="125 40 1 1"/>
        </BasisSkin>
        <BasisSkin type="SubSkin" offset="33 1 1 32" align="Right VStretch">
            <State name="normal" offset="125 41 1 32"/>
        </BasisSkin>
        <BasisSkin type="SubSkin" offset="33 33 1 1" align="Right Bottom">
            <State name="normal" offset="125 73 1 1"/>
        </BasisSkin>
        <BasisSkin type="SubSkin" offset="1 33 32 1" align="HStretch Bottom">
            <State name="normal" offset="93 73 32 1"/>
        </BasisSkin>
        <BasisSkin type="SubSkin" offset="0 33 1 1" align="Left Bottom">
            <State name="normal" offset="92 73 1 1"/>
        </BasisSkin>
        <BasisSkin type="SubSkin" offset="0 1 1 32" align="Left VStretch">
            <State name="normal" offset="92 41 1 32"/>
        </BasisSkin>
        <BasisSkin type="SubSkin" offset="1 1 32 32" align="Stretch">
            <State name="normal" offset="93 41 32 32"/>
        </BasisSkin>
    </Resource>
    <Resource type="ResourceSkin" name="GenericButton" size="17 17" texture="ScrapMekSkin.png">
        <BasisSkin type="SubSkin" offset="0 0 5 5" align="Left Top">
            <State name="disabled" offset="0 0 5 5"/>
            <State name="normal" offset="0 0 5 5"/>
            <State name="highlighted" offset="0 0 5 5"/>
            <State name="pushed" offset="0 34 5 5"/>
            <State name="disabled_checked" offset="0 0 5 5"/>
            <State name="normal_checked" offset="0 34 5 5"/>
            <State name="highlighted_checked" offset="0 34 5 5"/>
            <State name="pushed_checked" offset="0 34 5 5"/>
        </BasisSkin>
        <BasisSkin type="SubSkin" offset="5 0 7 5" align="HStretch Top">
            <State name="disabled" offset="5 0 7 5"/>
            <State name="normal" offset="5 0 7 5"/>
            <State name="highlighted" offset="5 0 7 5"/>
            <State name="pushed" offset="5 34 7 5"/>
            <State name="disabled_checked" offset="5 0 7 5"/>
            <State name="normal_checked" offset="5 34 7 5"/>
            <State name="highlighted_checked" offset="5 34 7 5"/>
            <State name="pushed_checked" offset="5 34 7 5"/>
        </BasisSkin>
        <BasisSkin type="SubSkin" offset="12 0 5 5" align="Right Top">
            <State name="disabled" offset="12 0 5 5"/>
            <State name="normal" offset="12 0 5 5"/>
            <State name="highlighted" offset="12 0 5 5"/>
            <State name="pushed" offset="12 34 5 5"/>
            <State name="disabled_checked" offset="12 0 5 5"/>
            <State name="normal_checked" offset="12 34 5 5"/>
            <State name="highlighted_checked" offset="12 34 5 5"/>
            <State name="pushed_checked" offset="12 34 5 5"/>
        </BasisSkin>
        <BasisSkin type="SubSkin" offset="12 5 5 7" align="Right VStretch">
            <State name="disabled" offset="12 5 5 7"/>
            <State name="normal" offset="12 5 5 7"/>
            <State name="highlighted" offset="12 5 5 7"/>
            <State name="pushed" offset="12 39 5 7"/>
            <State name="disabled_checked" offset="12 5 5 7"/>
            <State name="normal_checked" offset="12 39 5 7"/>
            <State name="highlighted_checked" offset="12 39 5 7"/>
            <State name="pushed_checked" offset="12 39 5 7"/>
        </BasisSkin>
        <BasisSkin type="SubSkin" offset="12 12 5 5" align="Right Bottom">
            <State name="disabled" offset="12 12 5 5"/>
            <State name="normal" offset="12 12 5 5"/>
            <State name="highlighted" offset="12 12 5 5"/>
            <State name="pushed" offset="12 46 5 5"/>
            <State name="disabled_checked" offset="12 12 5 5"/>
            <State name="normal_checked" offset="12 46 5 5"/>
            <State name="highlighted_checked" offset="12 46 5 5"/>
            <State name="pushed_checked" offset="12 46 5 5"/>
        </BasisSkin>
        <BasisSkin type="SubSkin" offset="5 12 7 5" align="HStretch Bottom">
            <State name="disabled" offset="5 12 7 5"/>
            <State name="normal" offset="5 12 7 5"/>
            <State name="highlighted" offset="5 12 7 5"/>
            <State name="pushed" offset="5 46 7 5"/>
            <State name="disabled_checked" offset="5 12 7 5"/>
            <State name="normal_checked" offset="5 46 7 5"/>
            <State name="highlighted_checked" offset="5 46 7 5"/>
            <State name="pushed_checked" offset="5 46 7 5"/>
        </BasisSkin>
        <BasisSkin type="SubSkin" offset="0 12 5 5" align="Left Bottom">
            <State name="disabled" offset="0 12 5 5"/>
            <State name="normal" offset="0 12 5 5"/>
            <State name="highlighted" offset="0 12 5 5"/>
            <State name="pushed" offset="0 46 5 5"/>
            <State name="disabled_checked" offset="0 12 5 5"/>
            <State name="normal_checked" offset="0 46 5 5"/>
            <State name="highlighted_checked" offset="0 46 5 5"/>
            <State name="pushed_checked" offset="0 46 5 5"/>
        </BasisSkin>
        <BasisSkin type="SubSkin" offset="0 5 5 7" align="Left VStretch">
            <State name="disabled" offset="0 5 5 7"/>
            <State name="normal" offset="0 5 5 7"/>
            <State name="highlighted" offset="0 5 5 7"/>
            <State name="pushed" offset="0 39 5 7"/>
            <State name="disabled_checked" offset="0 5 5 7"/>
            <State name="normal_checked" offset="0 39 5 7"/>
            <State name="highlighted_checked" offset="0 39 5 7"/>
            <State name="pushed_checked" offset="0 39 5 7"/>
        </BasisSkin>
        <BasisSkin type="SubSkin" offset="5 5 7 7" align="Stretch">
            <State name="disabled" offset="5 5 7 7"/>
            <State name="normal" offset="5 5 7 7"/>
            <State name="highlighted" offset="5 5 7 7"/>
            <State name="pushed" offset="5 39 7 7"/>
            <State name="disabled_checked" offset="5 5 7 7"/>
            <State name="normal_checked" offset="5 39 7 7"/>
            <State name="highlighted_checked" offset="5 39 7 7"/>
            <State name="pushed_checked" offset="5 39 7 7"/>
        </BasisSkin>
        <BasisSkin type="SimpleText" offset="5 6 7 7" align="Stretch">
            <State name="disabled" colour="1 1 1" shift="0"/>
            <State name="normal" colour="1 1 1" shift="0"/>
            <State name="highlighted" colour="1 0.501961 0" shift="0"/>
            <State name="pushed" colour="1 1 1" shift="0"/>
            <State name="disabled_checked" colour="1 1 1" shift="0"/>
            <State name="normal_checked" colour="1 1 1" shift="0"/>
            <State name="highlighted_checked" colour="1 1 1" shift="0"/>
            <State name="pushed_checked" colour="1 1 1" shift="0"/>
        </BasisSkin>
    </Resource>
    <Resource type="ResourceSkin" name="AudioHandle" size="25 25" texture="ScrapMekSkin.png">
        <BasisSkin type="SubSkin" offset="0 0 25 25" align="Stretch">
            <State name="disabled" offset="126 40 25 25"/>
            <State name="normal" offset="126 40 25 25"/>
            <State name="highlighted" offset="126 40 25 25"/>
            <State name="pushed" offset="126 65 25 25"/>
        </BasisSkin>
    </Resource>
    <Resource type="ResourceSkin" name="AudioSliderBackground" size="5 25" texture="ScrapMekSkin.png">
        <BasisSkin type="SubSkin" offset="3 0 2 25" align="Right VStretch">
            <State name="normal" offset="154 40 2 25"/>
        </BasisSkin>
        <BasisSkin type="SubSkin" offset="0 0 2 25" align="Left VStretch">
            <State name="normal" offset="151 40 2 25"/>
        </BasisSkin>
        <BasisSkin type="SubSkin" offset="2 0 1 25" align="Stretch">
            <State name="normal" offset="153 40 1 25"/>
        </BasisSkin>
    </Resource>
    <Resource type="ResourceSkin" name="WhiteTextBox" size="3 3" texture="ScrapMekSkin.png">
        <BasisSkin type="SubSkin" offset="0 0 1 1" align="Left Top">
            <State name="normal" offset="152 51 1 1"/>
        </BasisSkin>
        <BasisSkin type="SubSkin" offset="1 0 1 1" align="HStretch Top">
            <State name="normal" offset="153 51 1 1"/>
        </BasisSkin>
        <BasisSkin type="SubSkin" offset="2 0 1 1" align="Right Top">
            <State name="normal" offset="154 51 1 1"/>
        </BasisSkin>
        <BasisSkin type="SubSkin" offset="2 1 1 1" align="Right VStretch">
            <State name="normal" offset="154 52 1 1"/>
        </BasisSkin>
        <BasisSkin type="SubSkin" offset="2 2 1 1" align="Right Bottom">
            <State name="normal" offset="154 53 1 1"/>
        </BasisSkin>
        <BasisSkin type="SubSkin" offset="1 2 1 1" align="HStretch Bottom">
            <State name="normal" offset="153 53 1 1"/>
        </BasisSkin>
        <BasisSkin type="SubSkin" offset="0 2 1 1" align="Left Bottom">
            <State name="normal" offset="152 53 1 1"/>
        </BasisSkin>
        <BasisSkin type="SubSkin" offset="0 1 1 1" align="Left VStretch">
            <State name="normal" offset="152 52 1 1"/>
        </BasisSkin>
        <BasisSkin type="SubSkin" offset="1 1 1 1" align="Stretch">
            <State name="normal" offset="153 52 1 1"/>
        </BasisSkin>
        <BasisSkin type="SimpleText" offset="1 1 1 1" align="Stretch">
            <State name="normal" colour="0 0 0" shift="0"/>
        </BasisSkin>
    </Resource>
    <Resource type="ResourceSkin" name="GenericButtonLeft" size="13 17" texture="ScrapMekSkin.png">
        <BasisSkin type="SubSkin" offset="0 0 4 4" align="Left Top">
            <State name="disabled" offset="0 0 4 4"/>
            <State name="normal" offset="0 0 4 4"/>
            <State name="highlighted" offset="0 0 4 4"/>
            <State name="pushed" offset="0 34 4 4"/>
            <State name="disabled_checked" offset="0 0 4 4"/>
            <State name="normal_checked" offset="0 34 4 4"/>
            <State name="highlighted_checked" offset="0 34 4 4"/>
            <State name="pushed_checked" offset="0 34 4 4"/>
        </BasisSkin>
        <BasisSkin type="SubSkin" offset="4 0 5 4" align="HStretch Top">
            <State name="disabled" offset="4 0 5 4"/>
            <State name="normal" offset="4 0 5 4"/>
            <State name="highlighted" offset="4 0 5 4"/>
            <State name="pushed" offset="4 34 5 4"/>
            <State name="disabled_checked" offset="4 0 5 4"/>
            <State name="normal_checked" offset="4 34 5 4"/>
            <State name="highlighted_checked" offset="4 34 5 4"/>
            <State name="pushed_checked" offset="4 34 5 4"/>
        </BasisSkin>
        <BasisSkin type="SubSkin" offset="9 0 4 4" align="Right Top">
            <State name="disabled" offset="9 0 4 4"/>
            <State name="normal" offset="9 0 4 4"/>
            <State name="highlighted" offset="9 0 4 4"/>
            <State name="pushed" offset="9 34 4 4"/>
            <State name="disabled_checked" offset="9 0 4 4"/>
            <State name="normal_checked" offset="9 34 4 4"/>
            <State name="highlighted_checked" offset="9 34 4 4"/>
            <State name="pushed_checked" offset="9 34 4 4"/>
        </BasisSkin>
        <BasisSkin type="SubSkin" offset="9 4 4 9" align="Right VStretch">
            <State name="disabled" offset="9 4 4 9"/>
            <State name="normal" offset="9 4 4 9"/>
            <State name="highlighted" offset="9 4 4 9"/>
            <State name="pushed" offset="9 38 4 9"/>
            <State name="disabled_checked" offset="9 4 4 9"/>
            <State name="normal_checked" offset="9 38 4 9"/>
            <State name="highlighted_checked" offset="9 38 4 9"/>
            <State name="pushed_checked" offset="9 38 4 9"/>
        </BasisSkin>
        <BasisSkin type="SubSkin" offset="9 13 4 4" align="Right Bottom">
            <State name="disabled" offset="9 13 4 4"/>
            <State name="normal" offset="9 13 4 4"/>
            <State name="highlighted" offset="9 13 4 4"/>
            <State name="pushed" offset="9 47 4 4"/>
            <State name="disabled_checked" offset="9 13 4 4"/>
            <State name="normal_checked" offset="9 47 4 4"/>
            <State name="highlighted_checked" offset="9 47 4 4"/>
            <State name="pushed_checked" offset="9 47 4 4"/>
        </BasisSkin>
        <BasisSkin type="SubSkin" offset="4 13 5 4" align="HStretch Bottom">
            <State name="disabled" offset="4 13 5 4"/>
            <State name="normal" offset="4 13 5 4"/>
            <State name="highlighted" offset="4 13 5 4"/>
            <State name="pushed" offset="4 47 5 4"/>
            <State name="disabled_checked" offset="4 13 5 4"/>
            <State name="normal_checked" offset="4 47 5 4"/>
            <State name="highlighted_checked" offset="4 47 5 4"/>
            <State name="pushed_checked" offset="4 47 5 4"/>
        </BasisSkin>
        <BasisSkin type="SubSkin" offset="0 13 4 4" align="Left Bottom">
            <State name="disabled" offset="0 13 4 4"/>
            <State name="normal" offset="0 13 4 4"/>
            <State name="highlighted" offset="0 13 4 4"/>
            <State name="pushed" offset="0 47 4 4"/>
            <State name="disabled_checked" offset="0 13 4 4"/>
            <State name="normal_checked" offset="0 47 4 4"/>
            <State name="highlighted_checked" offset="0 47 4 4"/>
            <State name="pushed_checked" offset="0 47 4 4"/>
        </BasisSkin>
        <BasisSkin type="SubSkin" offset="0 4 4 9" align="Left VStretch">
            <State name="disabled" offset="0 4 4 9"/>
            <State name="normal" offset="0 4 4 9"/>
            <State name="highlighted" offset="0 4 4 9"/>
            <State name="pushed" offset="0 38 4 9"/>
            <State name="disabled_checked" offset="0 4 4 9"/>
            <State name="normal_checked" offset="0 38 4 9"/>
            <State name="highlighted_checked" offset="0 38 4 9"/>
            <State name="pushed_checked" offset="0 38 4 9"/>
        </BasisSkin>
        <BasisSkin type="SubSkin" offset="4 4 5 9" align="Stretch">
            <State name="disabled" offset="4 4 5 9"/>
            <State name="normal" offset="4 4 5 9"/>
            <State name="highlighted" offset="4 4 5 9"/>
            <State name="pushed" offset="4 38 5 9"/>
            <State name="disabled_checked" offset="4 4 5 9"/>
            <State name="normal_checked" offset="4 38 5 9"/>
            <State name="highlighted_checked" offset="4 38 5 9"/>
            <State name="pushed_checked" offset="4 38 5 9"/>
        </BasisSkin>
        <BasisSkin type="SimpleText" offset="4 4 5 9" align="Stretch">
            <State name="disabled" colour="1 1 1" shift="0"/>
            <State name="normal" colour="1 1 1" shift="0"/>
            <State name="highlighted" colour="1 0.501961 0" shift="0"/>
            <State name="pushed" colour="1 1 1" shift="0"/>
            <State name="disabled_checked" colour="1 1 1" shift="0"/>
            <State name="normal_checked" colour="1 1 1" shift="0"/>
            <State name="highlighted_checked" colour="1 1 1" shift="0"/>
            <State name="pushed_checked" colour="1 1 1" shift="0"/>
        </BasisSkin>
    </Resource>
    <Resource type="ResourceSkin" name="GenericButtonCenter" size="9 17" texture="ScrapMekSkin.png">
        <BasisSkin type="SubSkin" offset="0 0 2 4" align="Left Top">
            <State name="disabled" offset="4 0 2 4"/>
            <State name="normal" offset="4 0 2 4"/>
            <State name="highlighted" offset="4 0 2 4"/>
            <State name="pushed" offset="4 34 2 4"/>
            <State name="disabled_checked" offset="4 0 2 4"/>
            <State name="normal_checked" offset="4 34 2 4"/>
            <State name="highlighted_checked" offset="4 34 2 4"/>
            <State name="pushed_checked" offset="4 34 2 4"/>
        </BasisSkin>
        <BasisSkin type="SubSkin" offset="2 0 5 4" align="HStretch Top">
            <State name="disabled" offset="6 0 5 4"/>
            <State name="normal" offset="6 0 5 4"/>
            <State name="highlighted" offset="6 0 5 4"/>
            <State name="pushed" offset="6 34 5 4"/>
            <State name="disabled_checked" offset="6 0 5 4"/>
            <State name="normal_checked" offset="6 34 5 4"/>
            <State name="highlighted_checked" offset="6 34 5 4"/>
            <State name="pushed_checked" offset="6 34 5 4"/>
        </BasisSkin>
        <BasisSkin type="SubSkin" offset="7 0 2 4" align="Right Top">
            <State name="disabled" offset="11 0 2 4"/>
            <State name="normal" offset="11 0 2 4"/>
            <State name="highlighted" offset="11 0 2 4"/>
            <State name="pushed" offset="11 34 2 4"/>
            <State name="disabled_checked" offset="11 0 2 4"/>
            <State name="normal_checked" offset="11 34 2 4"/>
            <State name="highlighted_checked" offset="11 34 2 4"/>
            <State name="pushed_checked" offset="11 34 2 4"/>
        </BasisSkin>
        <BasisSkin type="SubSkin" offset="7 4 2 9" align="Right VStretch">
            <State name="disabled" offset="11 4 2 9"/>
            <State name="normal" offset="11 4 2 9"/>
            <State name="highlighted" offset="11 4 2 9"/>
            <State name="pushed" offset="11 38 2 9"/>
            <State name="disabled_checked" offset="11 4 2 9"/>
            <State name="normal_checked" offset="11 38 2 9"/>
            <State name="highlighted_checked" offset="11 38 2 9"/>
            <State name="pushed_checked" offset="11 38 2 9"/>
        </BasisSkin>
        <BasisSkin type="SubSkin" offset="7 13 2 4" align="Right Bottom">
            <State name="disabled" offset="11 13 2 4"/>
            <State name="normal" offset="11 13 2 4"/>
            <State name="highlighted" offset="11 13 2 4"/>
            <State name="pushed" offset="11 47 2 4"/>
            <State name="disabled_checked" offset="11 13 2 4"/>
            <State name="normal_checked" offset="11 47 2 4"/>
            <State name="highlighted_checked" offset="11 47 2 4"/>
            <State name="pushed_checked" offset="11 47 2 4"/>
        </BasisSkin>
        <BasisSkin type="SubSkin" offset="2 13 5 4" align="HStretch Bottom">
            <State name="disabled" offset="6 13 5 4"/>
            <State name="normal" offset="6 13 5 4"/>
            <State name="highlighted" offset="6 13 5 4"/>
            <State name="pushed" offset="6 47 5 4"/>
            <State name="disabled_checked" offset="6 13 5 4"/>
            <State name="normal_checked" offset="6 47 5 4"/>
            <State name="highlighted_checked" offset="6 47 5 4"/>
            <State name="pushed_checked" offset="6 47 5 4"/>
        </BasisSkin>
        <BasisSkin type="SubSkin" offset="0 13 2 4" align="Left Bottom">
            <State name="disabled" offset="4 13 2 4"/>
            <State name="normal" offset="4 13 2 4"/>
            <State name="highlighted" offset="4 13 2 4"/>
            <State name="pushed" offset="4 47 2 4"/>
            <State name="disabled_checked" offset="4 13 2 4"/>
            <State name="normal_checked" offset="4 47 2 4"/>
            <State name="highlighted_checked" offset="4 47 2 4"/>
            <State name="pushed_checked" offset="4 47 2 4"/>
        </BasisSkin>
        <BasisSkin type="SubSkin" offset="0 4 2 9" align="Left VStretch">
            <State name="disabled" offset="4 4 2 9"/>
            <State name="normal" offset="4 4 2 9"/>
            <State name="highlighted" offset="4 4 2 9"/>
            <State name="pushed" offset="4 38 2 9"/>
            <State name="disabled_checked" offset="4 4 2 9"/>
            <State name="normal_checked" offset="4 38 2 9"/>
            <State name="highlighted_checked" offset="4 38 2 9"/>
            <State name="pushed_checked" offset="4 38 2 9"/>
        </BasisSkin>
        <BasisSkin type="SubSkin" offset="2 4 5 9" align="Stretch">
            <State name="disabled" offset="6 4 5 9"/>
            <State name="normal" offset="6 4 5 9"/>
            <State name="highlighted" offset="6 4 5 9"/>
            <State name="pushed" offset="6 38 5 9"/>
            <State name="disabled_checked" offset="6 4 5 9"/>
            <State name="normal_checked" offset="6 38 5 9"/>
            <State name="highlighted_checked" offset="6 38 5 9"/>
            <State name="pushed_checked" offset="6 38 5 9"/>
        </BasisSkin>
        <BasisSkin type="SimpleText" offset="2 4 5 9" align="Stretch">
            <State name="disabled" colour="1 1 1" shift="0"/>
            <State name="normal" colour="1 1 1" shift="0"/>
            <State name="highlighted" colour="1 0.501961 0" shift="0"/>
            <State name="pushed" colour="1 1 1" shift="0"/>
            <State name="disabled_checked" colour="1 1 1" shift="0"/>
            <State name="normal_checked" colour="1 1 1" shift="0"/>
            <State name="highlighted_checked" colour="1 1 1" shift="0"/>
            <State name="pushed_checked" colour="1 1 1" shift="0"/>
        </BasisSkin>
    </Resource>
    <Resource type="ResourceSkin" name="GenericButtonRight" size="13 17" texture="ScrapMekSkin.png">
        <BasisSkin type="SubSkin" offset="0 0 2 4" align="Left Top">
            <State name="disabled" offset="4 0 2 4"/>
            <State name="normal" offset="4 0 2 4"/>
            <State name="highlighted" offset="4 0 2 4"/>
            <State name="pushed" offset="4 34 2 4"/>
            <State name="disabled_checked" offset="4 0 2 4"/>
            <State name="normal_checked" offset="4 34 2 4"/>
            <State name="highlighted_checked" offset="4 34 2 4"/>
            <State name="pushed_checked" offset="4 34 2 4"/>
        </BasisSkin>
        <BasisSkin type="SubSkin" offset="2 0 7 4" align="HStretch Top">
            <State name="disabled" offset="6 0 7 4"/>
            <State name="normal" offset="6 0 7 4"/>
            <State name="highlighted" offset="6 0 7 4"/>
            <State name="pushed" offset="6 34 7 4"/>
            <State name="disabled_checked" offset="6 0 7 4"/>
            <State name="normal_checked" offset="6 34 7 4"/>
            <State name="highlighted_checked" offset="6 34 7 4"/>
            <State name="pushed_checked" offset="6 34 7 4"/>
        </BasisSkin>
        <BasisSkin type="SubSkin" offset="9 0 4 4" align="Right Top">
            <State name="disabled" offset="13 0 4 4"/>
            <State name="normal" offset="13 0 4 4"/>
            <State name="highlighted" offset="13 0 4 4"/>
            <State name="pushed" offset="13 34 4 4"/>
            <State name="disabled_checked" offset="13 0 4 4"/>
            <State name="normal_checked" offset="13 34 4 4"/>
            <State name="highlighted_checked" offset="13 34 4 4"/>
            <State name="pushed_checked" offset="13 34 4 4"/>
        </BasisSkin>
        <BasisSkin type="SubSkin" offset="9 4 4 9" align="Right VStretch">
            <State name="disabled" offset="13 4 4 9"/>
            <State name="normal" offset="13 4 4 9"/>
            <State name="highlighted" offset="13 4 4 9"/>
            <State name="pushed" offset="13 38 4 9"/>
            <State name="disabled_checked" offset="13 4 4 9"/>
            <State name="normal_checked" offset="13 38 4 9"/>
            <State name="highlighted_checked" offset="13 38 4 9"/>
            <State name="pushed_checked" offset="13 38 4 9"/>
        </BasisSkin>
        <BasisSkin type="SubSkin" offset="9 13 4 4" align="Right Bottom">
            <State name="disabled" offset="13 13 4 4"/>
            <State name="normal" offset="13 13 4 4"/>
            <State name="highlighted" offset="13 13 4 4"/>
            <State name="pushed" offset="13 47 4 4"/>
            <State name="disabled_checked" offset="13 13 4 4"/>
            <State name="normal_checked" offset="13 47 4 4"/>
            <State name="highlighted_checked" offset="13 47 4 4"/>
            <State name="pushed_checked" offset="13 47 4 4"/>
        </BasisSkin>
        <BasisSkin type="SubSkin" offset="2 13 7 4" align="HStretch Bottom">
            <State name="disabled" offset="6 13 7 4"/>
            <State name="normal" offset="6 13 7 4"/>
            <State name="highlighted" offset="6 13 7 4"/>
            <State name="pushed" offset="6 47 7 4"/>
            <State name="disabled_checked" offset="6 13 7 4"/>
            <State name="normal_checked" offset="6 47 7 4"/>
            <State name="highlighted_checked" offset="6 47 7 4"/>
            <State name="pushed_checked" offset="6 47 7 4"/>
        </BasisSkin>
        <BasisSkin type="SubSkin" offset="0 13 2 4" align="Left Bottom">
            <State name="disabled" offset="4 13 2 4"/>
            <State name="normal" offset="4 13 2 4"/>
            <State name="highlighted" offset="4 13 2 4"/>
            <State name="pushed" offset="4 47 2 4"/>
            <State name="disabled_checked" offset="4 13 2 4"/>
            <State name="normal_checked" offset="4 47 2 4"/>
            <State name="highlighted_checked" offset="4 47 2 4"/>
            <State name="pushed_checked" offset="4 47 2 4"/>
        </BasisSkin>
        <BasisSkin type="SubSkin" offset="0 4 2 9" align="Left VStretch">
            <State name="disabled" offset="4 4 2 9"/>
            <State name="normal" offset="4 4 2 9"/>
            <State name="highlighted" offset="4 4 2 9"/>
            <State name="pushed" offset="4 38 2 9"/>
            <State name="disabled_checked" offset="4 4 2 9"/>
            <State name="normal_checked" offset="4 38 2 9"/>
            <State name="highlighted_checked" offset="4 38 2 9"/>
            <State name="pushed_checked" offset="4 38 2 9"/>
        </BasisSkin>
        <BasisSkin type="SubSkin" offset="2 4 7 9" align="Stretch">
            <State name="disabled" offset="6 4 7 9"/>
            <State name="normal" offset="6 4 7 9"/>
            <State name="highlighted" offset="6 4 7 9"/>
            <State name="pushed" offset="6 38 7 9"/>
            <State name="disabled_checked" offset="6 4 7 9"/>
            <State name="normal_checked" offset="6 38 7 9"/>
            <State name="highlighted_checked" offset="6 38 7 9"/>
            <State name="pushed_checked" offset="6 38 7 9"/>
        </BasisSkin>
        <BasisSkin type="SimpleText" offset="2 4 7 9" align="Stretch">
            <State name="disabled" colour="1 1 1" shift="0"/>
            <State name="normal" colour="1 1 1" shift="0"/>
            <State name="highlighted" colour="1 0.501961 0" shift="0"/>
            <State name="pushed" colour="1 1 1" shift="0"/>
            <State name="disabled_checked" colour="1 1 1" shift="0"/>
            <State name="normal_checked" colour="1 1 1" shift="0"/>
            <State name="highlighted_checked" colour="1 1 1" shift="0"/>
            <State name="pushed_checked" colour="1 1 1" shift="0"/>
        </BasisSkin>
    </Resource>
    <Resource type="ResourceSkin" name="LeftButton" size="12 30" texture="ScrapMekSkin.png">
        <BasisSkin type="SubSkin" offset="0 0 12 30" align="Stretch">
            <State name="disabled" offset="162 0 12 30"/>
            <State name="normal" offset="162 0 12 30"/>
            <State name="highlighted" offset="162 0 12 30"/>
            <State name="pushed" offset="162 30 12 30"/>
        </BasisSkin>
    </Resource>
    <Resource type="ResourceSkin" name="RightButton" size="12 30" texture="ScrapMekSkin.png">
        <BasisSkin type="SubSkin" offset="0 0 12 30" align="Stretch">
            <State name="disabled" offset="174 0 12 30"/>
            <State name="normal" offset="174 0 12 30"/>
            <State name="highlighted" offset="174 0 12 30"/>
            <State name="pushed" offset="174 30 12 30"/>
        </BasisSkin>
    </Resource>
    <Resource type="ResourceSkin" name="RightPointSliderHandle" size="59 74" texture="ScrapMekSkin.png">
        <BasisSkin type="SubSkin" offset="0 0 59 74" align="Stretch">
            <State name="normal" offset="186 0 59 74"/>
        </BasisSkin>
    </Resource>
    <Resource type="ResourceSkin" name="RightPointSliderTrack" size="59 12" texture="ScrapMekSkin.png">
        <BasisSkin type="SubSkin" offset="0 0 59 3" align="HStretch Top">
            <State name="normal" offset="186 74 59 3"/>
        </BasisSkin>
        <BasisSkin type="SubSkin" offset="0 9 59 3" align="HStretch Bottom">
            <State name="normal" offset="186 83 59 3"/>
        </BasisSkin>
        <BasisSkin type="SubSkin" offset="0 3 59 6" align="Stretch">
            <State name="normal" offset="186 77 59 6"/>
        </BasisSkin>
    </Resource>
    <Resource type="ResourceSkin" name="LeftArrow" size="43 50" texture="ScrapMekSkin.png">
        <BasisSkin type="SubSkin" offset="0 0 43 50" align="Stretch">
            <State name="disabled" offset="0 156 43 50"/>
            <State name="normal" offset="0 156 43 50"/>
            <State name="highlighted" offset="0 206 43 50"/>
            <State name="pushed" offset="0 206 43 50"/>
            <State name="disabled_checked" offset="0 156 43 50"/>
            <State name="normal_checked" offset="0 206 43 50"/>
            <State name="highlighted_checked" offset="0 206 43 50"/>
            <State name="pushed_checked" offset="0 206 43 50"/>
        </BasisSkin>
    </Resource>
    <Resource type="ResourceSkin" name="RightArrow" size="43 50" texture="ScrapMekSkin.png">
        <BasisSkin type="SubSkin" offset="0 0 43 50" align="Stretch">
            <State name="disabled" offset="43 156 43 50"/>
            <State name="normal" offset="43 156 43 50"/>
            <State name="highlighted" offset="43 206 43 50"/>
            <State name="pushed" offset="43 206 43 50"/>
            <State name="disabled_checked" offset="43 156 43 50"/>
            <State name="normal_checked" offset="43 206 43 50"/>
            <State name="highlighted_checked" offset="43 206 43 50"/>
            <State name="pushed_checked" offset="43 206 43 50"/>
        </BasisSkin>
    </Resource>
    <Resource type="ResourceSkin" name="UpPointSliderHandle" size="37 59" texture="ScrapMekSkin.png">
        <BasisSkin type="SubSkin" offset="0 0 37 59" align="Stretch">
            <State name="normal" offset="189 86 37 59"/>
        </BasisSkin>
    </Resource>
    <Resource type="ResourceSkin" name="UpPointSliderTrack" size="12 59" texture="ScrapMekSkin.png">
        <BasisSkin type="SubSkin" offset="8 0 4 59" align="Right VStretch">
            <State name="normal" offset="252 86 4 59"/>
        </BasisSkin>
        <BasisSkin type="SubSkin" offset="0 0 4 59" align="Left VStretch">
            <State name="normal" offset="244 86 4 59"/>
        </BasisSkin>
        <BasisSkin type="SubSkin" offset="4 0 4 59" align="Stretch">
            <State name="normal" offset="248 86 4 59"/>
        </BasisSkin>
    </Resource>
    <Resource type="ResourceSkin" name="FramedSliderHandle" size="57 97" texture="ScrapMekSkin.png">
        <BasisSkin type="SubSkin" offset="0 0 57 97" align="Stretch">
            <State name="normal" offset="199 159 57 97"/>
        </BasisSkin>
    </Resource>
    <Resource type="ResourceSkin" name="BlueButton" size="4 4" texture="ScrapMekSkin.png">
        <BasisSkin type="SubSkin" offset="0 0 2 2" align="Left Top">
            <State name="disabled" offset="8 51 2 2"/>
            <State name="normal" offset="0 51 2 2"/>
            <State name="highlighted" offset="4 51 2 2"/>
            <State name="pushed" offset="4 51 2 2"/>
            <State name="disabled_checked" offset="8 51 2 2"/>
            <State name="normal_checked" offset="0 51 2 2"/>
            <State name="highlighted_checked" offset="4 51 2 2"/>
            <State name="pushed_checked" offset="4 51 2 2"/>
        </BasisSkin>
        <BasisSkin type="SubSkin" offset="2 0 0 2" align="HStretch Top">
            <State name="disabled" offset="10 51 0 2"/>
            <State name="normal" offset="2 51 0 2"/>
            <State name="highlighted" offset="6 51 0 2"/>
            <State name="pushed" offset="6 51 0 2"/>
            <State name="disabled_checked" offset="10 51 0 2"/>
            <State name="normal_checked" offset="2 51 0 2"/>
            <State name="highlighted_checked" offset="6 51 0 2"/>
            <State name="pushed_checked" offset="6 51 0 2"/>
        </BasisSkin>
        <BasisSkin type="SubSkin" offset="2 0 2 2" align="Right Top">
            <State name="disabled" offset="10 51 2 2"/>
            <State name="normal" offset="2 51 2 2"/>
            <State name="highlighted" offset="6 51 2 2"/>
            <State name="pushed" offset="6 51 2 2"/>
            <State name="disabled_checked" offset="10 51 2 2"/>
            <State name="normal_checked" offset="2 51 2 2"/>
            <State name="highlighted_checked" offset="6 51 2 2"/>
            <State name="pushed_checked" offset="6 51 2 2"/>
        </BasisSkin>
        <BasisSkin type="SubSkin" offset="2 2 2 0" align="Right VStretch">
            <State name="disabled" offset="10 53 2 0"/>
            <State name="normal" offset="2 53 2 0"/>
            <State name="highlighted" offset="6 53 2 0"/>
            <State name="pushed" offset="6 53 2 0"/>
            <State name="disabled_checked" offset="10 53 2 0"/>
            <State name="normal_checked" offset="2 53 2 0"/>
            <State name="highlighted_checked" offset="6 53 2 0"/>
            <State name="pushed_checked" offset="6 53 2 0"/>
        </BasisSkin>
        <BasisSkin type="SubSkin" offset="2 2 2 2" align="Right Bottom">
            <State name="disabled" offset="10 53 2 2"/>
            <State name="normal" offset="2 53 2 2"/>
            <State name="highlighted" offset="6 53 2 2"/>
            <State name="pushed" offset="6 53 2 2"/>
            <State name="disabled_checked" offset="10 53 2 2"/>
            <State name="normal_checked" offset="2 53 2 2"/>
            <State name="highlighted_checked" offset="6 53 2 2"/>
            <State name="pushed_checked" offset="6 53 2 2"/>
        </BasisSkin>
        <BasisSkin type="SubSkin" offset="2 2 0 2" align="HStretch Bottom">
            <State name="disabled" offset="10 53 0 2"/>
            <State name="normal" offset="2 53 0 2"/>
            <State name="highlighted" offset="6 53 0 2"/>
            <State name="pushed" offset="6 53 0 2"/>
            <State name="disabled_checked" offset="10 53 0 2"/>
            <State name="normal_checked" offset="2 53 0 2"/>
            <State name="highlighted_checked" offset="6 53 0 2"/>
            <State name="pushed_checked" offset="6 53 0 2"/>
        </BasisSkin>
        <BasisSkin type="SubSkin" offset="0 2 2 2" align="Left Bottom">
            <State name="disabled" offset="8 53 2 2"/>
            <State name="normal" offset="0 53 2 2"/>
            <State name="highlighted" offset="4 53 2 2"/>
            <State name="pushed" offset="4 53 2 2"/>
            <State name="disabled_checked" offset="8 53 2 2"/>
            <State name="normal_checked" offset="0 53 2 2"/>
            <State name="highlighted_checked" offset="4 53 2 2"/>
            <State name="pushed_checked" offset="4 53 2 2"/>
        </BasisSkin>
        <BasisSkin type="SubSkin" offset="0 2 2 0" align="Left VStretch">
            <State name="disabled" offset="8 53 2 0"/>
            <State name="normal" offset="0 53 2 0"/>
            <State name="highlighted" offset="4 53 2 0"/>
            <State name="pushed" offset="4 53 2 0"/>
            <State name="disabled_checked" offset="8 53 2 0"/>
            <State name="normal_checked" offset="0 53 2 0"/>
            <State name="highlighted_checked" offset="4 53 2 0"/>
            <State name="pushed_checked" offset="4 53 2 0"/>
        </BasisSkin>
        <BasisSkin type="SubSkin" offset="2 2 0 0" align="Stretch">
            <State name="disabled" offset="10 53 0 0"/>
            <State name="normal" offset="2 53 0 0"/>
            <State name="highlighted" offset="6 53 0 0"/>
            <State name="pushed" offset="6 53 0 0"/>
            <State name="disabled_checked" offset="10 53 0 0"/>
            <State name="normal_checked" offset="2 53 0 0"/>
            <State name="highlighted_checked" offset="6 53 0 0"/>
            <State name="pushed_checked" offset="6 53 0 0"/>
        </BasisSkin>
        <BasisSkin type="SimpleText" offset="2 2 2 2" align="Stretch">
            <State name="disabled" colour="1 1 1" shift="0"/>
            <State name="normal" colour="1 1 1" shift="0"/>
            <State name="highlighted" colour="1 1 1" shift="0"/>
            <State name="pushed" colour="1 1 1" shift="0"/>
            <State name="disabled_checked" colour="1 1 1" shift="0"/>
            <State name="normal_checked" colour="1 1 1" shift="0"/>
            <State name="highlighted_checked" colour="1 1 1" shift="0"/>
            <State name="pushed_checked" colour="1 1 1" shift="0"/>
        </BasisSkin>
    </Resource>
    <Resource type="ResourceSkin" name="RedButton" size="4 4" texture="ScrapMekSkin.png">
        <BasisSkin type="SubSkin" offset="0 0 2 2" align="Left Top">
            <State name="disabled" offset="0 55 2 2"/>
            <State name="normal" offset="0 55 2 2"/>
            <State name="highlighted" offset="4 55 2 2"/>
            <State name="pushed" offset="4 55 2 2"/>
            <State name="disabled_checked" offset="0 55 2 2"/>
            <State name="normal_checked" offset="0 55 2 2"/>
            <State name="highlighted_checked" offset="4 55 2 2"/>
            <State name="pushed_checked" offset="4 55 2 2"/>
        </BasisSkin>
        <BasisSkin type="SubSkin" offset="2 0 0 2" align="HStretch Top">
            <State name="disabled" offset="2 55 0 2"/>
            <State name="normal" offset="2 55 0 2"/>
            <State name="highlighted" offset="6 55 0 2"/>
            <State name="pushed" offset="6 55 0 2"/>
            <State name="disabled_checked" offset="2 55 0 2"/>
            <State name="normal_checked" offset="2 55 0 2"/>
            <State name="highlighted_checked" offset="6 55 0 2"/>
            <State name="pushed_checked" offset="6 55 0 2"/>
        </BasisSkin>
        <BasisSkin type="SubSkin" offset="2 0 2 2" align="Right Top">
            <State name="disabled" offset="2 55 2 2"/>
            <State name="normal" offset="2 55 2 2"/>
            <State name="highlighted" offset="6 55 2 2"/>
            <State name="pushed" offset="6 55 2 2"/>
            <State name="disabled_checked" offset="2 55 2 2"/>
            <State name="normal_checked" offset="2 55 2 2"/>
            <State name="highlighted_checked" offset="6 55 2 2"/>
            <State name="pushed_checked" offset="6 55 2 2"/>
        </BasisSkin>
        <BasisSkin type="SubSkin" offset="2 2 2 0" align="Right VStretch">
            <State name="disabled" offset="2 57 2 0"/>
            <State name="normal" offset="2 57 2 0"/>
            <State name="highlighted" offset="6 57 2 0"/>
            <State name="pushed" offset="6 57 2 0"/>
            <State name="disabled_checked" offset="2 57 2 0"/>
            <State name="normal_checked" offset="2 57 2 0"/>
            <State name="highlighted_checked" offset="6 57 2 0"/>
            <State name="pushed_checked" offset="6 57 2 0"/>
        </BasisSkin>
        <BasisSkin type="SubSkin" offset="2 2 2 2" align="Right Bottom">
            <State name="disabled" offset="2 57 2 2"/>
            <State name="normal" offset="2 57 2 2"/>
            <State name="highlighted" offset="6 57 2 2"/>
            <State name="pushed" offset="6 57 2 2"/>
            <State name="disabled_checked" offset="2 57 2 2"/>
            <State name="normal_checked" offset="2 57 2 2"/>
            <State name="highlighted_checked" offset="6 57 2 2"/>
            <State name="pushed_checked" offset="6 57 2 2"/>
        </BasisSkin>
        <BasisSkin type="SubSkin" offset="2 2 0 2" align="HStretch Bottom">
            <State name="disabled" offset="2 57 0 2"/>
            <State name="normal" offset="2 57 0 2"/>
            <State name="highlighted" offset="6 57 0 2"/>
            <State name="pushed" offset="6 57 0 2"/>
            <State name="disabled_checked" offset="2 57 0 2"/>
            <State name="normal_checked" offset="2 57 0 2"/>
            <State name="highlighted_checked" offset="6 57 0 2"/>
            <State name="pushed_checked" offset="6 57 0 2"/>
        </BasisSkin>
        <BasisSkin type="SubSkin" offset="0 2 2 2" align="Left Bottom">
            <State name="disabled" offset="0 57 2 2"/>
            <State name="normal" offset="0 57 2 2"/>
            <State name="highlighted" offset="4 57 2 2"/>
            <State name="pushed" offset="4 57 2 2"/>
            <State name="disabled_checked" offset="0 57 2 2"/>
            <State name="normal_checked" offset="0 57 2 2"/>
            <State name="highlighted_checked" offset="4 57 2 2"/>
            <State name="pushed_checked" offset="4 57 2 2"/>
        </BasisSkin>
        <BasisSkin type="SubSkin" offset="0 2 2 0" align="Left VStretch">
            <State name="disabled" offset="0 57 2 0"/>
            <State name="normal" offset="0 57 2 0"/>
            <State name="highlighted" offset="4 57 2 0"/>
            <State name="pushed" offset="4 57 2 0"/>
            <State name="disabled_checked" offset="0 57 2 0"/>
            <State name="normal_checked" offset="0 57 2 0"/>
            <State name="highlighted_checked" offset="4 57 2 0"/>
            <State name="pushed_checked" offset="4 57 2 0"/>
        </BasisSkin>
        <BasisSkin type="SubSkin" offset="2 2 0 0" align="Stretch">
            <State name="disabled" offset="2 57 0 0"/>
            <State name="normal" offset="2 57 0 0"/>
            <State name="highlighted" offset="6 57 0 0"/>
            <State name="pushed" offset="6 57 0 0"/>
            <State name="disabled_checked" offset="2 57 0 0"/>
            <State name="normal_checked" offset="2 57 0 0"/>
            <State name="highlighted_checked" offset="6 57 0 0"/>
            <State name="pushed_checked" offset="6 57 0 0"/>
        </BasisSkin>
        <BasisSkin type="SimpleText" offset="2 2 2 2" align="Stretch">
            <State name="disabled" colour="1 1 1" shift="0"/>
            <State name="normal" colour="1 1 1" shift="0"/>
            <State name="highlighted" colour="1 1 1" shift="0"/>
            <State name="pushed" colour="1 1 1" shift="0"/>
            <State name="disabled_checked" colour="1 1 1" shift="0"/>
            <State name="normal_checked" colour="1 1 1" shift="0"/>
            <State name="highlighted_checked" colour="1 1 1" shift="0"/>
            <State name="pushed_checked" colour="1 1 1" shift="0"/>
        </BasisSkin>
    </Resource>
    <Resource type="ResourceSkin" name="YellowButton" size="4 4" texture="ScrapMekSkin.png">
        <BasisSkin type="SubSkin" offset="0 0 2 2" align="Left Top">
            <State name="disabled" offset="8 55 2 2"/>
            <State name="normal" offset="8 55 2 2"/>
            <State name="highlighted" offset="12 55 2 2"/>
            <State name="pushed" offset="12 55 2 2"/>
            <State name="disabled_checked" offset="8 55 2 2"/>
            <State name="normal_checked" offset="8 55 2 2"/>
            <State name="highlighted_checked" offset="12 55 2 2"/>
            <State name="pushed_checked" offset="12 55 2 2"/>
        </BasisSkin>
        <BasisSkin type="SubSkin" offset="2 0 0 2" align="HStretch Top">
            <State name="disabled" offset="10 55 0 2"/>
            <State name="normal" offset="10 55 0 2"/>
            <State name="highlighted" offset="14 55 0 2"/>
            <State name="pushed" offset="14 55 0 2"/>
            <State name="disabled_checked" offset="10 55 0 2"/>
            <State name="normal_checked" offset="10 55 0 2"/>
            <State name="highlighted_checked" offset="14 55 0 2"/>
            <State name="pushed_checked" offset="14 55 0 2"/>
        </BasisSkin>
        <BasisSkin type="SubSkin" offset="2 0 2 2" align="Right Top">
            <State name="disabled" offset="10 55 2 2"/>
            <State name="normal" offset="10 55 2 2"/>
            <State name="highlighted" offset="14 55 2 2"/>
            <State name="pushed" offset="14 55 2 2"/>
            <State name="disabled_checked" offset="10 55 2 2"/>
            <State name="normal_checked" offset="10 55 2 2"/>
            <State name="highlighted_checked" offset="14 55 2 2"/>
            <State name="pushed_checked" offset="14 55 2 2"/>
        </BasisSkin>
        <BasisSkin type="SubSkin" offset="2 2 2 0" align="Right VStretch">
            <State name="disabled" offset="10 57 2 0"/>
            <State name="normal" offset="10 57 2 0"/>
            <State name="highlighted" offset="14 57 2 0"/>
            <State name="pushed" offset="14 57 2 0"/>
            <State name="disabled_checked" offset="10 57 2 0"/>
            <State name="normal_checked" offset="10 57 2 0"/>
            <State name="highlighted_checked" offset="14 57 2 0"/>
            <State name="pushed_checked" offset="14 57 2 0"/>
        </BasisSkin>
        <BasisSkin type="SubSkin" offset="2 2 2 2" align="Right Bottom">
            <State name="disabled" offset="10 57 2 2"/>
            <State name="normal" offset="10 57 2 2"/>
            <State name="highlighted" offset="14 57 2 2"/>
            <State name="pushed" offset="14 57 2 2"/>
            <State name="disabled_checked" offset="10 57 2 2"/>
            <State name="normal_checked" offset="10 57 2 2"/>
            <State name="highlighted_checked" offset="14 57 2 2"/>
            <State name="pushed_checked" offset="14 57 2 2"/>
        </BasisSkin>
        <BasisSkin type="SubSkin" offset="2 2 0 2" align="HStretch Bottom">
            <State name="disabled" offset="10 57 0 2"/>
            <State name="normal" offset="10 57 0 2"/>
            <State name="highlighted" offset="14 57 0 2"/>
            <State name="pushed" offset="14 57 0 2"/>
            <State name="disabled_checked" offset="10 57 0 2"/>
            <State name="normal_checked" offset="10 57 0 2"/>
            <State name="highlighted_checked" offset="14 57 0 2"/>
            <State name="pushed_checked" offset="14 57 0 2"/>
        </BasisSkin>
        <BasisSkin type="SubSkin" offset="0 2 2 2" align="Left Bottom">
            <State name="disabled" offset="8 57 2 2"/>
            <State name="normal" offset="8 57 2 2"/>
            <State name="highlighted" offset="12 57 2 2"/>
            <State name="pushed" offset="12 57 2 2"/>
            <State name="disabled_checked" offset="8 57 2 2"/>
            <State name="normal_checked" offset="8 57 2 2"/>
            <State name="highlighted_checked" offset="12 57 2 2"/>
            <State name="pushed_checked" offset="12 57 2 2"/>
        </BasisSkin>
        <BasisSkin type="SubSkin" offset="0 2 2 0" align="Left VStretch">
            <State name="disabled" offset="8 57 2 0"/>
            <State name="normal" offset="8 57 2 0"/>
            <State name="highlighted" offset="12 57 2 0"/>
            <State name="pushed" offset="12 57 2 0"/>
            <State name="disabled_checked" offset="8 57 2 0"/>
            <State name="normal_checked" offset="8 57 2 0"/>
            <State name="highlighted_checked" offset="12 57 2 0"/>
            <State name="pushed_checked" offset="12 57 2 0"/>
        </BasisSkin>
        <BasisSkin type="SubSkin" offset="2 2 0 0" align="Stretch">
            <State name="disabled" offset="10 57 0 0"/>
            <State name="normal" offset="10 57 0 0"/>
            <State name="highlighted" offset="14 57 0 0"/>
            <State name="pushed" offset="14 57 0 0"/>
            <State name="disabled_checked" offset="10 57 0 0"/>
            <State name="normal_checked" offset="10 57 0 0"/>
            <State name="highlighted_checked" offset="14 57 0 0"/>
            <State name="pushed_checked" offset="14 57 0 0"/>
        </BasisSkin>
        <BasisSkin type="SimpleText" offset="3 3 1 1" align="Stretch">
            <State name="disabled" colour="1 1 1" shift="0"/>
            <State name="normal" colour="1 1 1" shift="0"/>
            <State name="highlighted" colour="1 1 1" shift="0"/>
            <State name="pushed" colour="1 1 1" shift="0"/>
            <State name="disabled_checked" colour="1 1 1" shift="0"/>
            <State name="normal_checked" colour="1 1 1" shift="0"/>
            <State name="highlighted_checked" colour="1 1 1" shift="0"/>
            <State name="pushed_checked" colour="1 1 1" shift="0"/>
        </BasisSkin>
    </Resource>
    <Resource type="ResourceSkin" name="GreyButton" size="4 4" texture="ScrapMekSkin.png">
        <BasisSkin type="SubSkin" offset="0 0 2 2" align="Left Top">
            <State name="disabled" offset="8 51 2 2"/>
            <State name="normal" offset="8 51 2 2"/>
            <State name="highlighted" offset="12 51 2 2"/>
            <State name="pushed" offset="12 51 2 2"/>
            <State name="disabled_checked" offset="8 55 2 2"/>
            <State name="normal_checked" offset="8 55 2 2"/>
            <State name="highlighted_checked" offset="12 55 2 2"/>
            <State name="pushed_checked" offset="12 55 2 2"/>
        </BasisSkin>
        <BasisSkin type="SubSkin" offset="2 0 0 2" align="HStretch Top">
            <State name="disabled" offset="10 51 0 2"/>
            <State name="normal" offset="10 51 0 2"/>
            <State name="highlighted" offset="14 51 0 2"/>
            <State name="pushed" offset="14 51 0 2"/>
            <State name="disabled_checked" offset="10 55 0 2"/>
            <State name="normal_checked" offset="10 55 0 2"/>
            <State name="highlighted_checked" offset="14 55 0 2"/>
            <State name="pushed_checked" offset="14 55 0 2"/>
        </BasisSkin>
        <BasisSkin type="SubSkin" offset="2 0 2 2" align="Right Top">
            <State name="disabled" offset="10 51 2 2"/>
            <State name="normal" offset="10 51 2 2"/>
            <State name="highlighted" offset="14 51 2 2"/>
            <State name="pushed" offset="14 51 2 2"/>
            <State name="disabled_checked" offset="10 55 2 2"/>
            <State name="normal_checked" offset="10 55 2 2"/>
            <State name="highlighted_checked" offset="14 55 2 2"/>
            <State name="pushed_checked" offset="14 55 2 2"/>
        </BasisSkin>
        <BasisSkin type="SubSkin" offset="2 2 2 0" align="Right VStretch">
            <State name="disabled" offset="10 53 2 0"/>
            <State name="normal" offset="10 53 2 0"/>
            <State name="highlighted" offset="14 53 2 0"/>
            <State name="pushed" offset="14 53 2 0"/>
            <State name="disabled_checked" offset="10 57 2 0"/>
            <State name="normal_checked" offset="10 57 2 0"/>
            <State name="highlighted_checked" offset="14 57 2 0"/>
            <State name="pushed_checked" offset="14 57 2 0"/>
        </BasisSkin>
        <BasisSkin type="SubSkin" offset="2 2 2 2" align="Right Bottom">
            <State name="disabled" offset="10 53 2 2"/>
            <State name="normal" offset="10 53 2 2"/>
            <State name="highlighted" offset="14 53 2 2"/>
            <State name="pushed" offset="14 53 2 2"/>
            <State name="disabled_checked" offset="10 57 2 2"/>
            <State name="normal_checked" offset="10 57 2 2"/>
            <State name="highlighted_checked" offset="14 57 2 2"/>
            <State name="pushed_checked" offset="14 57 2 2"/>
        </BasisSkin>
        <BasisSkin type="SubSkin" offset="2 2 0 2" align="HStretch Bottom">
            <State name="disabled" offset="10 53 0 2"/>
            <State name="normal" offset="10 53 0 2"/>
            <State name="highlighted" offset="14 53 0 2"/>
            <State name="pushed" offset="14 53 0 2"/>
            <State name="disabled_checked" offset="10 57 0 2"/>
            <State name="normal_checked" offset="10 57 0 2"/>
            <State name="highlighted_checked" offset="14 57 0 2"/>
            <State name="pushed_checked" offset="14 57 0 2"/>
        </BasisSkin>
        <BasisSkin type="SubSkin" offset="0 2 2 2" align="Left Bottom">
            <State name="disabled" offset="8 53 2 2"/>
            <State name="normal" offset="8 53 2 2"/>
            <State name="highlighted" offset="12 53 2 2"/>
            <State name="pushed" offset="12 53 2 2"/>
            <State name="disabled_checked" offset="8 57 2 2"/>
            <State name="normal_checked" offset="8 57 2 2"/>
            <State name="highlighted_checked" offset="12 57 2 2"/>
            <State name="pushed_checked" offset="12 57 2 2"/>
        </BasisSkin>
        <BasisSkin type="SubSkin" offset="0 2 2 0" align="Left VStretch">
            <State name="disabled" offset="8 53 2 0"/>
            <State name="normal" offset="8 53 2 0"/>
            <State name="highlighted" offset="12 53 2 0"/>
            <State name="pushed" offset="12 53 2 0"/>
            <State name="disabled_checked" offset="8 57 2 0"/>
            <State name="normal_checked" offset="8 57 2 0"/>
            <State name="highlighted_checked" offset="12 57 2 0"/>
            <State name="pushed_checked" offset="12 57 2 0"/>
        </BasisSkin>
        <BasisSkin type="SubSkin" offset="2 2 0 0" align="Stretch">
            <State name="disabled" offset="10 53 0 0"/>
            <State name="normal" offset="10 53 0 0"/>
            <State name="highlighted" offset="14 53 0 0"/>
            <State name="pushed" offset="14 53 0 0"/>
            <State name="disabled_checked" offset="10 57 0 0"/>
            <State name="normal_checked" offset="10 57 0 0"/>
            <State name="highlighted_checked" offset="14 57 0 0"/>
            <State name="pushed_checked" offset="14 57 0 0"/>
        </BasisSkin>
        <BasisSkin type="SimpleText" offset="2 2 2 2" align="Stretch">
            <State name="disabled" colour="1 1 1" shift="0"/>
            <State name="normal" colour="1 1 1" shift="0"/>
            <State name="highlighted" colour="1 1 1" shift="0"/>
            <State name="pushed" colour="1 1 1" shift="0"/>
            <State name="disabled_checked" colour="1 1 1" shift="0"/>
            <State name="normal_checked" colour="1 1 1" shift="0"/>
            <State name="highlighted_checked" colour="1 1 1" shift="0"/>
            <State name="pushed_checked" colour="1 1 1" shift="0"/>
        </BasisSkin>
    </Resource>
    <Resource type="ResourceSkin" name="GreyBackground" size="4 4" texture="ScrapMekSkin.png">
        <BasisSkin type="SubSkin" offset="0 0 2 2" align="Left Top">
            <State name="normal" offset="8 51 2 2"/>
        </BasisSkin>
        <BasisSkin type="SubSkin" offset="2 0 0 2" align="HStretch Top">
            <State name="normal" offset="10 51 0 2"/>
        </BasisSkin>
        <BasisSkin type="SubSkin" offset="2 0 2 2" align="Right Top">
            <State name="normal" offset="10 51 2 2"/>
        </BasisSkin>
        <BasisSkin type="SubSkin" offset="2 2 2 0" align="Right VStretch">
            <State name="normal" offset="10 53 2 0"/>
        </BasisSkin>
        <BasisSkin type="SubSkin" offset="2 2 2 2" align="Right Bottom">
            <State name="normal" offset="10 53 2 2"/>
        </BasisSkin>
        <BasisSkin type="SubSkin" offset="2 2 0 2" align="HStretch Bottom">
            <State name="normal" offset="10 53 0 2"/>
        </BasisSkin>
        <BasisSkin type="SubSkin" offset="0 2 2 2" align="Left Bottom">
            <State name="normal" offset="8 53 2 2"/>
        </BasisSkin>
        <BasisSkin type="SubSkin" offset="0 2 2 0" align="Left VStretch">
            <State name="normal" offset="8 53 2 0"/>
        </BasisSkin>
        <BasisSkin type="SubSkin" offset="2 2 0 0" align="Stretch">
            <State name="normal" offset="10 53 0 0"/>
        </BasisSkin>
    </Resource>
    <Resource type="ResourceSkin" name="ImportCreationButton" size="4 4" texture="ScrapMekSkin.png">
        <BasisSkin type="SubSkin" offset="0 0 2 2" align="Left Top">
            <State name="disabled" offset="8 51 2 2"/>
            <State name="normal" offset="8 51 2 2"/>
            <State name="highlighted" offset="12 51 2 2"/>
            <State name="pushed" offset="12 51 2 2"/>
            <State name="disabled_checked" offset="12 55 2 2"/>
            <State name="normal_checked" offset="12 55 2 2"/>
            <State name="highlighted_checked" offset="12 55 2 2"/>
            <State name="pushed_checked" offset="12 55 2 2"/>
        </BasisSkin>
        <BasisSkin type="SubSkin" offset="2 0 0 2" align="HStretch Top">
            <State name="disabled" offset="10 51 0 2"/>
            <State name="normal" offset="10 51 0 2"/>
            <State name="highlighted" offset="14 51 0 2"/>
            <State name="pushed" offset="14 51 0 2"/>
            <State name="disabled_checked" offset="14 55 0 2"/>
            <State name="normal_checked" offset="14 55 0 2"/>
            <State name="highlighted_checked" offset="14 55 0 2"/>
            <State name="pushed_checked" offset="14 55 0 2"/>
        </BasisSkin>
        <BasisSkin type="SubSkin" offset="2 0 2 2" align="Right Top">
            <State name="disabled" offset="10 51 2 2"/>
            <State name="normal" offset="10 51 2 2"/>
            <State name="highlighted" offset="14 51 2 2"/>
            <State name="pushed" offset="14 51 2 2"/>
            <State name="disabled_checked" offset="14 55 2 2"/>
            <State name="normal_checked" offset="14 55 2 2"/>
            <State name="highlighted_checked" offset="14 55 2 2"/>
            <State name="pushed_checked" offset="14 55 2 2"/>
        </BasisSkin>
        <BasisSkin type="SubSkin" offset="2 2 2 0" align="Right VStretch">
            <State name="disabled" offset="10 53 2 0"/>
            <State name="normal" offset="10 53 2 0"/>
            <State name="highlighted" offset="14 53 2 0"/>
            <State name="pushed" offset="14 53 2 0"/>
            <State name="disabled_checked" offset="14 57 2 0"/>
            <State name="normal_checked" offset="14 57 2 0"/>
            <State name="highlighted_checked" offset="14 57 2 0"/>
            <State name="pushed_checked" offset="14 57 2 0"/>
        </BasisSkin>
        <BasisSkin type="SubSkin" offset="2 2 2 2" align="Right Bottom">
            <State name="disabled" offset="10 53 2 2"/>
            <State name="normal" offset="10 53 2 2"/>
            <State name="highlighted" offset="14 53 2 2"/>
            <State name="pushed" offset="14 53 2 2"/>
            <State name="disabled_checked" offset="14 57 2 2"/>
            <State name="normal_checked" offset="14 57 2 2"/>
            <State name="highlighted_checked" offset="14 57 2 2"/>
            <State name="pushed_checked" offset="14 57 2 2"/>
        </BasisSkin>
        <BasisSkin type="SubSkin" offset="2 2 0 2" align="HStretch Bottom">
            <State name="disabled" offset="10 53 0 2"/>
            <State name="normal" offset="10 53 0 2"/>
            <State name="highlighted" offset="14 53 0 2"/>
            <State name="pushed" offset="14 53 0 2"/>
            <State name="disabled_checked" offset="14 57 0 2"/>
            <State name="normal_checked" offset="14 57 0 2"/>
            <State name="highlighted_checked" offset="14 57 0 2"/>
            <State name="pushed_checked" offset="14 57 0 2"/>
        </BasisSkin>
        <BasisSkin type="SubSkin" offset="0 2 2 2" align="Left Bottom">
            <State name="disabled" offset="8 53 2 2"/>
            <State name="normal" offset="8 53 2 2"/>
            <State name="highlighted" offset="12 53 2 2"/>
            <State name="pushed" offset="12 53 2 2"/>
            <State name="disabled_checked" offset="12 57 2 2"/>
            <State name="normal_checked" offset="12 57 2 2"/>
            <State name="highlighted_checked" offset="12 57 2 2"/>
            <State name="pushed_checked" offset="12 57 2 2"/>
        </BasisSkin>
        <BasisSkin type="SubSkin" offset="0 2 2 0" align="Left VStretch">
            <State name="disabled" offset="8 53 2 0"/>
            <State name="normal" offset="8 53 2 0"/>
            <State name="highlighted" offset="12 53 2 0"/>
            <State name="pushed" offset="12 53 2 0"/>
            <State name="disabled_checked" offset="12 57 2 0"/>
            <State name="normal_checked" offset="12 57 2 0"/>
            <State name="highlighted_checked" offset="12 57 2 0"/>
            <State name="pushed_checked" offset="12 57 2 0"/>
        </BasisSkin>
        <BasisSkin type="SubSkin" offset="2 2 0 0" align="Stretch">
            <State name="disabled" offset="10 53 0 0"/>
            <State name="normal" offset="10 53 0 0"/>
            <State name="highlighted" offset="14 53 0 0"/>
            <State name="pushed" offset="14 53 0 0"/>
            <State name="disabled_checked" offset="14 57 0 0"/>
            <State name="normal_checked" offset="14 57 0 0"/>
            <State name="highlighted_checked" offset="14 57 0 0"/>
            <State name="pushed_checked" offset="14 57 0 0"/>
        </BasisSkin>
    </Resource>
    <Resource type="ResourceSkin" name="CloseButton3" size="43 43" texture="ScrapMekSkin.png">
        <BasisSkin type="SubSkin" offset="0 0 43 43" align="Stretch">
            <State name="normal" offset="0 72 43 43"/>
        </BasisSkin>
    </Resource>
    <Resource type="ResourceSkin" name="BrightYellowArea" size="4 4" texture="ScrapMekSkin.png">
        <BasisSkin type="SubSkin" offset="0 0 2 2" align="Left Top">
            <State name="normal" offset="8 55 2 2"/>
        </BasisSkin>
        <BasisSkin type="SubSkin" offset="2 0 0 2" align="HStretch Top">
            <State name="normal" offset="10 55 0 2"/>
        </BasisSkin>
        <BasisSkin type="SubSkin" offset="2 0 2 2" align="Right Top">
            <State name="normal" offset="10 55 2 2"/>
        </BasisSkin>
        <BasisSkin type="SubSkin" offset="2 2 2 0" align="Right VStretch">
            <State name="normal" offset="10 57 2 0"/>
        </BasisSkin>
        <BasisSkin type="SubSkin" offset="2 2 2 2" align="Right Bottom">
            <State name="normal" offset="10 57 2 2"/>
        </BasisSkin>
        <BasisSkin type="SubSkin" offset="2 2 0 2" align="HStretch Bottom">
            <State name="normal" offset="10 57 0 2"/>
        </BasisSkin>
        <BasisSkin type="SubSkin" offset="0 2 2 2" align="Left Bottom">
            <State name="normal" offset="8 57 2 2"/>
        </BasisSkin>
        <BasisSkin type="SubSkin" offset="0 2 2 0" align="Left VStretch">
            <State name="normal" offset="8 57 2 0"/>
        </BasisSkin>
        <BasisSkin type="SubSkin" offset="2 2 0 0" align="Stretch">
            <State name="normal" offset="10 57 0 0"/>
        </BasisSkin>
    </Resource>
</MyGUI>
