<MyGUI type="Resource" version="1.1">
    <Resource type="ResourceImageSet" name="ToolIconsSet">
        <Group name="ToolIcons" texture="ToolIconMap.png" size="80 80">
			<Index name="5cc12f03-275e-4c8e-b013-79fc0f913e1b">
                <Frame point="0 0"/>
            </Index>
			<Index name="8c7efc37-cd7c-4262-976e-39585f8527bf">
                <Frame point="80 0"/>
            </Index>
			<Index name="ed185725-ea12-43fc-9cd7-4295d0dbf88b">
                <Frame point="160 0"/>
            </Index>
			<Index name="3384010e-bc1c-42bb-83ef-dbc78a1f9636">
                <Frame point="240 0"/>
            </Index>
			<Index name="c60b9627-fc2b-4319-97c5-05921cb976c6">
                <Frame point="0 80"/>
            </Index>
			<Index name="fdb8b8be-96e7-4de0-85c7-d2f42e4f33ce">
                <Frame point="80 80"/>
            </Index>
		</Group>
    </Resource>
</MyGUI>