{
	"itemlist": [{
		"uuid": "aa8d89eb-919b-42f4-8b58-af6f0d5856bc",
		"mesh": "obj_interactive_suspensionoffroad.mesh",
		"mat": "Materials/Parts/PoseAnimDifSpecColor",
		"dif": "obj_interactive_suspensionsport_dif.tga",
		"asg": "obj_interactive_suspensions_asg.tga",
		"rotationSet": "PropZ",
		"color": "FFFFFF",
		"cylinder": {
			"diameter": 1,
			"depth": 2,
			"axis": "Z"
		},
		"physicsMaterial": "Metal",
		"spring": {
			"length": 5,
			"stiffness": 30000.0
		},
		"sticky": "-Z"
	},
	{
		/*"uuid": "1a98b1a8-4e8f-4649-bac7-cd19f5c865e4",
			"mesh": "obj_interactive_bearing.mesh",
			"mat": "Materials/Parts/DifNorSpecColor",
			"dif": "obj_interactive_bearing_dif.tga",
			"asg": "obj_interactive_bearing_asg.tga",          /* wanted To Make Realy Big Bearing (Failed) 
			"nor": "obj_interactive_bearing_nor.tga",
			"rotationSet": "PropZ",
			"color": "df7f00",
			"cylinder": { "diameter": 1, "depth": 1, "axis": "X" },
			"physicsMaterial": "Metal",
			"bearing": { },"sticky": "-x"
		},
		{*/
		"uuid": "aaa12816-64fb-44f7-9584-a65881b32923",
		"mesh": "football.mesh",
		"dif": "football02.tga",
		"asg": "",
		"nor": "",
		"rotationSet": "MirrorXYZ",
		"density": 250,
		"color": "73adb7",
		"cylinder": {
			"diameter": 2,
			"depth": 2,
			"axis": "X"
		},
		"physicsMaterial": "Wood"
	}, 
	{
		"uuid": "ac1c20d3-4388-4630-9d5c-b2834c2cc67b",
		"mesh": "gear02.mesh",
		"dif": "blk_glass_dif.tga",
		"asg": "gear02.tga",
		"nor": "gear02.tga",
		"rotationSet": "PropY",
		"hull": {
			"x": 1,
			"y": 1,
			"z": 1,
			"pointlist": [{
				"x": 0.310493,
				"y": 0.407156,
				"z": 0.000000
			}, {
				"x": 0.719046,
				"y": 0.476446,
				"z": 0.106714
			}, {
               "-x": 0.719046,
               "-y": -0.476446,
               "-z": 0.106714
			}, {
			   "-x": 0.310493,
               "-y": -0.407156,
               "-z": 0.000000
			}, {
			   "-x": 0.475050,
               "-y": 0.547677,
               "-z": 0.000000
			}, {
			   "-x": 0.438889,
               "-y": 0.547677,
               "-z": 0.181794
			}, {
			   "-x": 0.286858,
               "-y": 0.407156,
               "-z": 0.118821
			}, {
			   "-x": 0.719046,
               "-y": 0.476446,
               "-z": -0.106714
			}
			]
		},
		"physicsMaterial": "Wood"
	},
	{
		"uuid": "d1c895f0-7d2c-449d-a7b8-708014cfdac5",
		"mesh": "Pokeball.mesh",
		"dif": "Pokeball.tga",
		"asg": "",
		"nor": "",
		"rotationSet": "PropY",
		"density": 250.0,
		"color": "",
		"cylinder": {
			"diameter": 1,
			"depth": 1,
			"axis": "Y"
		},
		"physicsMaterial": "Wood"
	}, {
		"uuid": "b7a7a7b8-5404-40d7-953c-60afa2e85ac7",
		"mesh": "bush01.mesh",
		"dif": "bush01.tga",
		"asg": "bush01.tga",
		"nor": "bush01.tga",
		"rotationSet": "PropY",
		"density": 250.0,
		"color": "",
		"cylinder": {
			"diameter": 3,
			"depth": 3,
			"axis": "Y"
		},
		"physicsMaterial": "Wood"
	}, {
		"uuid": "4f29cb5e-5c50-4731-b95a-0239c17dce8b",
		"mesh": "Cube1_default.mesh",
		"mat": "Materials/Parts/DifNorSpecColor",
		"dif": "Black_Transparent.tga",
		"asg": "obj_containers_vegbox_asg.tga",
		"nor": "",
		"rotationSet": "MirrorXYZ",
		"density": 250.0,
		"color": "73adb7",
		"box": {
			"x": 2,
			"y": 2,
			"z": 6
		},
		"physicsMaterial": "Wood"
	}, {
		/*"uuid": "d196fb68-0abe-4f1f-a2de-6b27c229ba94",
		"mesh": "obj_containers_johncoin.mesh",
		"dif": "J0hnbaneCoinTexure01.png",
		"asg": "J0hnbaneCoinTexure01.png",
		"nor": "J0hnbaneCoinTexure01.png",
		"rotationSet": "MirrorXYZ",
		"density": 250.0,
		"color": "73adb7",
		"cylinder": {
			"diameter": 2,
			"depth": 1,
			"margin": 1.5,
			"axis": "Z"
		},
		"physicsMaterial": "Wood"
	}, {*/
		"uuid": "902bd37e-11c7-4fee-991e-aed8b8340760",
		"mesh": "windshield.mesh",
		"transparent": true,
		"dif": "blk_glass_dif.tga",
		"asg": "blk_glass_dif.tga",
		"nor": "blk_glass_nor.tga",
		"rotationSet": "MirrorXYZ",
		"density": 250.0,
		"color": "c2f9ff",
		"box": {
			"x": 3,
			"y": 1,
			"z": 3
		},
		"physicsMaterial": "Wood"
	}, {
		"uuid": "95b89993-ac35-4a49-a67f-e5fdb912ac98",
		"mesh": "obj_containers_firstone.mesh",
		"mat": "Materials/Parts/DifNorSpecColor",
		"dif": "blk_tiles01_dif.tga",
		"asg": "blk_woodplanks01_asg.tga",
		"nor": "blk_tiles01_nor.tga",
		"rotationSet": "MirrorXYZ",
		"density": 250.0,
		"color": "73adb7",
		"box": {
			"x": 2,
			"y": 2,
			"z": 2
		},
		"physicsMaterial": "Wood"
	}, {
		"uuid": "cb95a501-5b30-41f4-9f22-fa61b3cb1d1c",
		"mesh": "obj_containers_slime.mesh",
		"mat": "Materials/Parts/DifSpecColor",
		"dif": "sphere1_auv2.png",
		"asg": "obj_containers_vegbox_asg.tga",
		"rotationSet": "MirrorXYZ",
		"color": "7d9f2b",
		"density": 1250.0,
		"cylinder": {
			"diameter": 2,
			"depth": 2,
			"margin": 1,
			"axis": "Z"
		},
		"physicsMaterial": "Wood"

	}]
}